docname,topic,proportion
465_mda.txt,001,0.326761
465_mda.txt,000,0.305867
465_mda.txt,007,0.150939
465_mda.txt,005,0.077395
465_mda.txt,004,0.072636
465_mda.txt,009,0.039136
465_mda.txt,013,0.027265
183_mda.txt,000,0.812207
183_mda.txt,004,0.05741
183_mda.txt,011,0.031129
183_mda.txt,012,0.026729
183_mda.txt,001,0.016212
183_mda.txt,005,0.013341
183_mda.txt,013,0.012533
183_mda.txt,003,0.011449
183_mda.txt,010,0.01062
183_mda.txt,009,0.00837
449_mda.txt,013,0.601812
449_mda.txt,003,0.164867
449_mda.txt,007,0.103655
449_mda.txt,001,0.065857
449_mda.txt,012,0.063809
40_mda.txt,003,1.0
213_mda.txt,003,0.741535
213_mda.txt,009,0.258465
552_mda.txt,009,0.514267
552_mda.txt,000,0.225884
552_mda.txt,011,0.12564
552_mda.txt,013,0.06316
552_mda.txt,012,0.03211
552_mda.txt,003,0.018843
552_mda.txt,001,0.016122
552_mda.txt,007,0.003974
336_mda.txt,000,0.462058
336_mda.txt,001,0.212187
336_mda.txt,013,0.173328
336_mda.txt,003,0.08723
336_mda.txt,009,0.03302
336_mda.txt,007,0.032178
504_mda.txt,001,0.572067
504_mda.txt,003,0.422208
504_mda.txt,000,0.005725
412_mda.txt,002,0.602142
412_mda.txt,000,0.278704
412_mda.txt,013,0.091533
412_mda.txt,003,0.027622
381_mda.txt,001,0.558541
381_mda.txt,004,0.14132
381_mda.txt,000,0.089678
381_mda.txt,007,0.047768
381_mda.txt,006,0.036516
381_mda.txt,013,0.029298
381_mda.txt,005,0.02531
381_mda.txt,011,0.021244
381_mda.txt,009,0.015179
381_mda.txt,010,0.011833
171_mda.txt,004,1.0
415_mda.txt,001,0.678973
415_mda.txt,000,0.25425
415_mda.txt,005,0.022493
415_mda.txt,012,0.014462
415_mda.txt,002,0.011339
415_mda.txt,010,0.01066
415_mda.txt,011,0.007824
251_mda.txt,000,0.864153
251_mda.txt,013,0.038667
251_mda.txt,003,0.025456
251_mda.txt,005,0.020566
251_mda.txt,009,0.016988
251_mda.txt,010,0.014909
251_mda.txt,001,0.013735
251_mda.txt,002,0.005526
528_mda.txt,002,0.801335
528_mda.txt,000,0.146181
528_mda.txt,005,0.052483
545_mda.txt,001,0.647188
545_mda.txt,000,0.224635
545_mda.txt,004,0.052717
545_mda.txt,002,0.030292
545_mda.txt,003,0.018385
545_mda.txt,012,0.011553
545_mda.txt,008,0.008037
545_mda.txt,010,0.007193
56_mda.txt,000,0.746214
56_mda.txt,001,0.078459
56_mda.txt,003,0.047606
56_mda.txt,013,0.020165
56_mda.txt,011,0.01944
56_mda.txt,010,0.01907
56_mda.txt,002,0.018573
56_mda.txt,009,0.0178
56_mda.txt,004,0.017706
56_mda.txt,012,0.014966
131_mda.txt,000,0.649668
131_mda.txt,004,0.147423
131_mda.txt,001,0.078591
131_mda.txt,009,0.037035
131_mda.txt,011,0.022765
131_mda.txt,010,0.021145
131_mda.txt,003,0.020911
131_mda.txt,013,0.015166
131_mda.txt,007,0.007296
436_mda.txt,001,0.295269
436_mda.txt,000,0.293014
436_mda.txt,013,0.154277
436_mda.txt,007,0.091821
436_mda.txt,009,0.054797
436_mda.txt,011,0.054065
436_mda.txt,005,0.023122
436_mda.txt,003,0.02003
436_mda.txt,010,0.007183
436_mda.txt,012,0.006422
237_mda.txt,000,0.784499
237_mda.txt,001,0.064014
237_mda.txt,013,0.05638
237_mda.txt,003,0.054963
237_mda.txt,005,0.015624
237_mda.txt,009,0.013575
237_mda.txt,002,0.010947
51_mda.txt,005,1.0
367_mda.txt,001,0.835038
367_mda.txt,006,0.035032
367_mda.txt,009,0.032684
367_mda.txt,012,0.023535
367_mda.txt,011,0.019387
367_mda.txt,013,0.014087
367_mda.txt,010,0.011226
367_mda.txt,003,0.011203
367_mda.txt,000,0.009243
367_mda.txt,007,0.004958
331_mda.txt,001,0.699414
331_mda.txt,013,0.18017
331_mda.txt,005,0.120416
457_mda.txt,000,0.691611
457_mda.txt,002,0.248298
457_mda.txt,001,0.026138
457_mda.txt,003,0.021985
457_mda.txt,009,0.011967
66_mda.txt,000,0.867768
66_mda.txt,009,0.047456
66_mda.txt,011,0.032006
66_mda.txt,010,0.014153
66_mda.txt,003,0.01265
66_mda.txt,004,0.009106
66_mda.txt,006,0.008564
66_mda.txt,012,0.008297
382_mda.txt,000,0.775607
382_mda.txt,013,0.078819
382_mda.txt,006,0.041241
382_mda.txt,003,0.033442
382_mda.txt,011,0.031303
382_mda.txt,010,0.017027
382_mda.txt,009,0.01056
382_mda.txt,007,0.006484
382_mda.txt,001,0.005516
223_mda.txt,003,1.0
122_mda.txt,011,0.498289
122_mda.txt,000,0.156787
122_mda.txt,013,0.127822
122_mda.txt,001,0.107296
122_mda.txt,003,0.055692
122_mda.txt,009,0.042942
122_mda.txt,012,0.011173
242_mda.txt,000,0.420877
242_mda.txt,001,0.206592
242_mda.txt,004,0.142052
242_mda.txt,002,0.113886
242_mda.txt,009,0.074822
242_mda.txt,005,0.017865
242_mda.txt,014,0.011899
242_mda.txt,012,0.007973
242_mda.txt,013,0.004034
89_mda.txt,010,0.296104
89_mda.txt,013,0.23563
89_mda.txt,011,0.206977
89_mda.txt,001,0.175268
89_mda.txt,003,0.041951
89_mda.txt,012,0.029721
89_mda.txt,009,0.014349
189_mda.txt,001,0.624164
189_mda.txt,000,0.192409
189_mda.txt,004,0.089151
189_mda.txt,002,0.027332
189_mda.txt,012,0.022302
189_mda.txt,010,0.021237
189_mda.txt,003,0.010377
189_mda.txt,007,0.006864
189_mda.txt,008,0.006164
351_mda.txt,000,0.799384
351_mda.txt,001,0.098645
351_mda.txt,003,0.033968
351_mda.txt,009,0.021126
351_mda.txt,011,0.012494
351_mda.txt,013,0.012135
351_mda.txt,006,0.008486
351_mda.txt,012,0.007865
351_mda.txt,014,0.005896
243_mda.txt,011,0.322566
243_mda.txt,000,0.25391
243_mda.txt,013,0.19625
243_mda.txt,009,0.092096
243_mda.txt,001,0.063712
243_mda.txt,004,0.033364
243_mda.txt,003,0.027424
243_mda.txt,008,0.006899
243_mda.txt,010,0.00378
553_mda.txt,001,0.859932
553_mda.txt,003,0.053706
553_mda.txt,011,0.030408
553_mda.txt,012,0.028169
553_mda.txt,015,0.027785
105_mda.txt,017,1.0
168_mda.txt,000,0.793728
168_mda.txt,001,0.09366
168_mda.txt,004,0.030491
168_mda.txt,011,0.018569
168_mda.txt,009,0.017736
168_mda.txt,013,0.013324
168_mda.txt,003,0.012175
168_mda.txt,002,0.008035
168_mda.txt,012,0.007505
168_mda.txt,010,0.004776
423_mda.txt,009,0.379187
423_mda.txt,000,0.201755
423_mda.txt,011,0.183892
423_mda.txt,001,0.156104
423_mda.txt,003,0.033223
423_mda.txt,012,0.021743
423_mda.txt,013,0.019535
423_mda.txt,004,0.004561
244_mda.txt,003,0.769785
244_mda.txt,001,0.144316
244_mda.txt,011,0.0859
288_mda.txt,000,0.806081
288_mda.txt,011,0.062095
288_mda.txt,004,0.027571
288_mda.txt,009,0.023254
288_mda.txt,003,0.020455
288_mda.txt,006,0.018852
288_mda.txt,001,0.013812
288_mda.txt,010,0.011833
288_mda.txt,013,0.009323
288_mda.txt,007,0.004078
451_mda.txt,007,0.215416
451_mda.txt,000,0.200317
451_mda.txt,001,0.186331
451_mda.txt,009,0.164972
451_mda.txt,005,0.104395
451_mda.txt,013,0.097303
451_mda.txt,011,0.025557
451_mda.txt,012,0.00571
142_mda.txt,000,0.854743
142_mda.txt,002,0.033169
142_mda.txt,001,0.026008
142_mda.txt,012,0.021892
142_mda.txt,003,0.021383
142_mda.txt,010,0.017242
142_mda.txt,009,0.014332
142_mda.txt,006,0.010058
142_mda.txt,017,0.001174
112_mda.txt,011,0.38069
112_mda.txt,001,0.320332
112_mda.txt,000,0.185542
112_mda.txt,013,0.040587
112_mda.txt,003,0.04021
112_mda.txt,009,0.024541
112_mda.txt,012,0.008098
456_mda.txt,000,0.884898
456_mda.txt,001,0.036223
456_mda.txt,011,0.029435
456_mda.txt,004,0.017769
456_mda.txt,003,0.01255
456_mda.txt,010,0.011872
456_mda.txt,013,0.007253
318_mda.txt,002,0.930467
318_mda.txt,000,0.069533
205_mda.txt,000,0.89927
205_mda.txt,009,0.048595
205_mda.txt,001,0.02198
205_mda.txt,010,0.016197
205_mda.txt,003,0.013958
278_mda.txt,000,0.277833
278_mda.txt,001,0.22698
278_mda.txt,007,0.215225
278_mda.txt,009,0.118835
278_mda.txt,005,0.062223
278_mda.txt,013,0.037532
278_mda.txt,004,0.024688
278_mda.txt,011,0.016624
278_mda.txt,010,0.012369
278_mda.txt,012,0.007691
269_mda.txt,003,1.0
190_mda.txt,000,0.33007
190_mda.txt,007,0.226056
190_mda.txt,001,0.207478
190_mda.txt,009,0.080947
190_mda.txt,005,0.068419
190_mda.txt,013,0.027901
190_mda.txt,004,0.024816
190_mda.txt,011,0.02316
190_mda.txt,010,0.011153
398_mda.txt,000,0.393788
398_mda.txt,013,0.227088
398_mda.txt,011,0.192837
398_mda.txt,009,0.050284
398_mda.txt,001,0.044599
398_mda.txt,004,0.034419
398_mda.txt,003,0.019214
398_mda.txt,007,0.017127
398_mda.txt,010,0.011032
398_mda.txt,012,0.009613
240_mda.txt,011,0.342661
240_mda.txt,000,0.219154
240_mda.txt,009,0.217104
240_mda.txt,013,0.092597
240_mda.txt,001,0.044833
240_mda.txt,012,0.031294
240_mda.txt,003,0.027007
240_mda.txt,007,0.019039
240_mda.txt,010,0.006312
511_mda.txt,001,0.498891
511_mda.txt,013,0.196284
511_mda.txt,011,0.145343
511_mda.txt,009,0.082268
511_mda.txt,003,0.027687
511_mda.txt,010,0.026749
511_mda.txt,006,0.01554
511_mda.txt,012,0.007238
300_mda.txt,000,0.235011
300_mda.txt,001,0.187461
300_mda.txt,013,0.184063
300_mda.txt,007,0.167619
300_mda.txt,011,0.085536
300_mda.txt,009,0.05132
300_mda.txt,004,0.044494
300_mda.txt,005,0.026278
300_mda.txt,003,0.010953
300_mda.txt,010,0.007265
461_mda.txt,000,0.842897
461_mda.txt,003,0.038621
461_mda.txt,002,0.028956
461_mda.txt,001,0.022464
461_mda.txt,004,0.021998
461_mda.txt,011,0.021395
461_mda.txt,013,0.009965
461_mda.txt,010,0.007556
461_mda.txt,014,0.006147
58_mda.txt,001,0.675339
58_mda.txt,000,0.191983
58_mda.txt,003,0.074493
58_mda.txt,002,0.031292
58_mda.txt,010,0.009477
58_mda.txt,011,0.007209
58_mda.txt,006,0.00562
58_mda.txt,012,0.004587
17_mda.txt,005,1.0
233_mda.txt,003,1.0
50_mda.txt,000,0.820826
50_mda.txt,013,0.081441
50_mda.txt,003,0.033628
50_mda.txt,009,0.019478
50_mda.txt,012,0.018356
50_mda.txt,001,0.011743
50_mda.txt,017,0.00801
50_mda.txt,007,0.006519
91_mda.txt,013,0.553485
91_mda.txt,000,0.217372
91_mda.txt,001,0.094595
91_mda.txt,003,0.081734
91_mda.txt,011,0.052815
110_mda.txt,000,0.882624
110_mda.txt,013,0.045685
110_mda.txt,003,0.02315
110_mda.txt,011,0.021515
110_mda.txt,012,0.01438
110_mda.txt,002,0.006942
110_mda.txt,010,0.005704
534_mda.txt,000,0.612001
534_mda.txt,009,0.160128
534_mda.txt,001,0.086839
534_mda.txt,011,0.037876
534_mda.txt,013,0.037513
534_mda.txt,003,0.034885
534_mda.txt,010,0.018084
534_mda.txt,012,0.012673
508_mda.txt,000,0.86365
508_mda.txt,013,0.05787
508_mda.txt,011,0.022045
508_mda.txt,003,0.019004
508_mda.txt,010,0.0145
508_mda.txt,012,0.009655
508_mda.txt,008,0.007135
508_mda.txt,007,0.00614
234_mda.txt,009,0.481782
234_mda.txt,001,0.266929
234_mda.txt,000,0.129546
234_mda.txt,003,0.024751
234_mda.txt,014,0.024238
234_mda.txt,006,0.020068
234_mda.txt,011,0.019068
234_mda.txt,013,0.018056
234_mda.txt,004,0.015561
525_mda.txt,001,0.242018
525_mda.txt,000,0.221355
525_mda.txt,007,0.178329
525_mda.txt,013,0.15735
525_mda.txt,005,0.094124
525_mda.txt,009,0.058468
525_mda.txt,011,0.020857
525_mda.txt,010,0.017456
525_mda.txt,003,0.010043
308_mda.txt,009,0.353669
308_mda.txt,011,0.276692
308_mda.txt,000,0.164349
308_mda.txt,013,0.080948
308_mda.txt,001,0.064416
308_mda.txt,003,0.037458
308_mda.txt,012,0.015837
308_mda.txt,010,0.006632
121_mda.txt,000,0.5203
121_mda.txt,002,0.418124
121_mda.txt,003,0.055079
121_mda.txt,001,0.006497
399_mda.txt,000,0.762276
399_mda.txt,001,0.066886
399_mda.txt,009,0.058077
399_mda.txt,011,0.025216
399_mda.txt,004,0.024561
399_mda.txt,002,0.023516
399_mda.txt,003,0.019978
399_mda.txt,012,0.008249
399_mda.txt,010,0.005753
399_mda.txt,007,0.005488
376_mda.txt,013,0.30752
376_mda.txt,011,0.254107
376_mda.txt,000,0.234099
376_mda.txt,009,0.129851
376_mda.txt,003,0.03748
376_mda.txt,007,0.018896
376_mda.txt,012,0.012398
376_mda.txt,010,0.005648
92_mda.txt,000,0.806766
92_mda.txt,011,0.056284
92_mda.txt,001,0.045746
92_mda.txt,009,0.02808
92_mda.txt,003,0.021842
92_mda.txt,010,0.017966
92_mda.txt,013,0.012437
92_mda.txt,012,0.01088
123_mda.txt,000,0.763138
123_mda.txt,004,0.089426
123_mda.txt,001,0.062356
123_mda.txt,009,0.034635
123_mda.txt,003,0.034489
123_mda.txt,010,0.015956
81_mda.txt,001,0.615697
81_mda.txt,000,0.084033
81_mda.txt,013,0.070468
81_mda.txt,003,0.04976
81_mda.txt,009,0.041398
81_mda.txt,011,0.036876
81_mda.txt,006,0.027205
81_mda.txt,010,0.026706
81_mda.txt,012,0.024342
81_mda.txt,007,0.012736
181_mda.txt,001,0.629148
181_mda.txt,000,0.202812
181_mda.txt,004,0.069182
181_mda.txt,002,0.052533
181_mda.txt,005,0.014799
181_mda.txt,008,0.014778
181_mda.txt,012,0.009281
181_mda.txt,014,0.007467
136_mda.txt,003,0.491219
136_mda.txt,013,0.254042
136_mda.txt,000,0.200435
136_mda.txt,001,0.054304
1_mda.txt,000,0.816178
1_mda.txt,013,0.059802
1_mda.txt,004,0.0307
1_mda.txt,006,0.023122
1_mda.txt,003,0.022992
1_mda.txt,009,0.014934
1_mda.txt,011,0.012648
1_mda.txt,001,0.010043
1_mda.txt,008,0.005662
1_mda.txt,010,0.003917
353_mda.txt,006,0.556975
353_mda.txt,005,0.262436
353_mda.txt,001,0.138605
353_mda.txt,015,0.041985
314_mda.txt,000,0.734605
314_mda.txt,001,0.109625
314_mda.txt,006,0.040583
314_mda.txt,009,0.033766
314_mda.txt,012,0.01701
314_mda.txt,002,0.013796
314_mda.txt,003,0.011658
314_mda.txt,011,0.009362
314_mda.txt,004,0.009057
314_mda.txt,010,0.008843
383_mda.txt,012,0.451815
383_mda.txt,003,0.136232
383_mda.txt,013,0.122666
383_mda.txt,009,0.109782
383_mda.txt,000,0.091013
383_mda.txt,001,0.088492
19_mda.txt,000,0.553571
19_mda.txt,003,0.132996
19_mda.txt,006,0.112276
19_mda.txt,001,0.097329
19_mda.txt,013,0.023215
19_mda.txt,009,0.02315
19_mda.txt,008,0.021311
19_mda.txt,007,0.013953
19_mda.txt,012,0.013115
19_mda.txt,014,0.009085
354_mda.txt,003,0.34546
354_mda.txt,000,0.274909
354_mda.txt,011,0.185322
354_mda.txt,001,0.117803
354_mda.txt,016,0.076506
137_mda.txt,002,0.864027
137_mda.txt,000,0.135973
180_mda.txt,000,0.716038
180_mda.txt,009,0.083345
180_mda.txt,001,0.05595
180_mda.txt,003,0.052744
180_mda.txt,004,0.020475
180_mda.txt,011,0.020084
180_mda.txt,012,0.018061
180_mda.txt,010,0.016846
180_mda.txt,013,0.010184
180_mda.txt,002,0.006274
64_mda.txt,011,0.406533
64_mda.txt,009,0.217059
64_mda.txt,001,0.168528
64_mda.txt,000,0.122649
64_mda.txt,003,0.036817
64_mda.txt,013,0.021914
64_mda.txt,007,0.014157
64_mda.txt,012,0.012344
3_mda.txt,000,0.597488
3_mda.txt,001,0.184314
3_mda.txt,013,0.079521
3_mda.txt,011,0.049821
3_mda.txt,009,0.040216
3_mda.txt,003,0.028651
3_mda.txt,004,0.013565
3_mda.txt,010,0.006423
422_mda.txt,002,0.488254
422_mda.txt,000,0.47943
422_mda.txt,003,0.032316
363_mda.txt,000,0.822555
363_mda.txt,001,0.057915
363_mda.txt,009,0.031518
363_mda.txt,003,0.024508
363_mda.txt,011,0.019941
363_mda.txt,013,0.018611
363_mda.txt,010,0.009907
363_mda.txt,012,0.0091
363_mda.txt,004,0.005946
101_mda.txt,009,0.295077
101_mda.txt,011,0.197452
101_mda.txt,000,0.182164
101_mda.txt,013,0.169513
101_mda.txt,001,0.104655
101_mda.txt,003,0.042397
101_mda.txt,012,0.008743
462_mda.txt,000,0.512189
462_mda.txt,001,0.266298
462_mda.txt,002,0.058363
462_mda.txt,009,0.038486
462_mda.txt,010,0.035143
462_mda.txt,003,0.031487
462_mda.txt,012,0.022552
462_mda.txt,011,0.018113
462_mda.txt,014,0.017368
193_mda.txt,001,0.613915
193_mda.txt,013,0.15948
193_mda.txt,000,0.117668
193_mda.txt,011,0.043413
193_mda.txt,009,0.040017
193_mda.txt,012,0.010071
193_mda.txt,003,0.009505
193_mda.txt,008,0.005931
537_mda.txt,003,0.778853
537_mda.txt,000,0.180859
537_mda.txt,001,0.040288
209_mda.txt,005,1.0
273_mda.txt,011,0.292596
273_mda.txt,001,0.28397
273_mda.txt,003,0.115162
273_mda.txt,012,0.09844
273_mda.txt,000,0.097367
273_mda.txt,005,0.093164
273_mda.txt,006,0.019302
148_mda.txt,009,0.421171
148_mda.txt,011,0.219254
148_mda.txt,000,0.179136
148_mda.txt,001,0.158299
148_mda.txt,003,0.01874
148_mda.txt,010,0.003401
120_mda.txt,002,0.586414
120_mda.txt,000,0.355182
120_mda.txt,003,0.046146
120_mda.txt,001,0.012258
7_mda.txt,011,0.57795
7_mda.txt,000,0.223469
7_mda.txt,009,0.052731
7_mda.txt,007,0.044819
7_mda.txt,013,0.035982
7_mda.txt,003,0.028832
7_mda.txt,012,0.028378
7_mda.txt,010,0.007839
182_mda.txt,000,0.848678
182_mda.txt,001,0.048138
182_mda.txt,003,0.030416
182_mda.txt,013,0.020491
182_mda.txt,011,0.018981
182_mda.txt,014,0.0104
182_mda.txt,004,0.008982
182_mda.txt,012,0.008316
182_mda.txt,008,0.005598
108_mda.txt,001,0.739125
108_mda.txt,013,0.094665
108_mda.txt,011,0.05409
108_mda.txt,012,0.042172
108_mda.txt,003,0.033465
108_mda.txt,009,0.026697
108_mda.txt,006,0.009787
154_mda.txt,000,0.855125
154_mda.txt,013,0.05101
154_mda.txt,003,0.031417
154_mda.txt,011,0.020803
154_mda.txt,001,0.018596
154_mda.txt,004,0.01658
154_mda.txt,010,0.006469
277_mda.txt,011,0.362306
277_mda.txt,000,0.344102
277_mda.txt,013,0.171417
277_mda.txt,009,0.054057
277_mda.txt,003,0.034565
277_mda.txt,012,0.02926
277_mda.txt,010,0.004293
20_mda.txt,003,0.719299
20_mda.txt,000,0.142657
20_mda.txt,011,0.138044
409_mda.txt,005,1.0
287_mda.txt,003,0.651992
287_mda.txt,000,0.281513
287_mda.txt,001,0.066495
388_mda.txt,001,0.351282
388_mda.txt,007,0.21885
388_mda.txt,006,0.13744
388_mda.txt,000,0.112358
388_mda.txt,004,0.05947
388_mda.txt,005,0.048256
388_mda.txt,013,0.047871
388_mda.txt,011,0.015063
388_mda.txt,010,0.00941
486_mda.txt,003,1.0
179_mda.txt,001,0.591766
179_mda.txt,000,0.218767
179_mda.txt,004,0.0901
179_mda.txt,009,0.020373
179_mda.txt,011,0.017895
179_mda.txt,006,0.016132
179_mda.txt,010,0.012168
179_mda.txt,012,0.010713
179_mda.txt,003,0.008673
179_mda.txt,008,0.007151
86_mda.txt,003,0.799752
86_mda.txt,001,0.102642
86_mda.txt,011,0.097606
480_mda.txt,001,0.564078
480_mda.txt,000,0.185702
480_mda.txt,004,0.148638
480_mda.txt,002,0.046179
480_mda.txt,005,0.01966
480_mda.txt,010,0.013719
480_mda.txt,006,0.011679
480_mda.txt,012,0.005542
480_mda.txt,017,0.004804
130_mda.txt,001,0.689906
130_mda.txt,011,0.079745
130_mda.txt,009,0.05221
130_mda.txt,013,0.046497
130_mda.txt,010,0.044852
130_mda.txt,012,0.037955
130_mda.txt,006,0.027401
130_mda.txt,003,0.021435
325_mda.txt,003,0.314892
325_mda.txt,000,0.233554
325_mda.txt,009,0.228755
325_mda.txt,001,0.153614
325_mda.txt,004,0.069185
184_mda.txt,000,0.375844
184_mda.txt,013,0.325063
184_mda.txt,011,0.107522
184_mda.txt,001,0.086573
184_mda.txt,003,0.053532
184_mda.txt,009,0.036439
184_mda.txt,012,0.015027
238_mda.txt,000,0.747374
238_mda.txt,009,0.076973
238_mda.txt,004,0.046703
238_mda.txt,013,0.043858
238_mda.txt,011,0.039005
238_mda.txt,001,0.024578
238_mda.txt,003,0.016386
238_mda.txt,010,0.005123
475_mda.txt,000,0.747952
475_mda.txt,001,0.077832
475_mda.txt,004,0.066516
475_mda.txt,003,0.033184
475_mda.txt,009,0.026961
475_mda.txt,011,0.016539
475_mda.txt,002,0.0112
475_mda.txt,006,0.01006
475_mda.txt,010,0.005299
475_mda.txt,014,0.004457
450_mda.txt,000,0.303441
450_mda.txt,012,0.17444
450_mda.txt,013,0.170079
450_mda.txt,001,0.147009
450_mda.txt,003,0.091829
450_mda.txt,006,0.09019
450_mda.txt,009,0.023012
556_mda.txt,000,0.852795
556_mda.txt,001,0.076491
556_mda.txt,003,0.024642
556_mda.txt,011,0.016913
556_mda.txt,004,0.015397
556_mda.txt,009,0.010728
556_mda.txt,002,0.003034
68_mda.txt,000,0.766048
68_mda.txt,001,0.071041
68_mda.txt,006,0.055072
68_mda.txt,011,0.050194
68_mda.txt,014,0.033705
68_mda.txt,003,0.014447
68_mda.txt,010,0.009493
519_mda.txt,005,1.0
443_mda.txt,003,1.0
46_mda.txt,000,0.798661
46_mda.txt,009,0.039569
46_mda.txt,001,0.032684
46_mda.txt,011,0.030636
46_mda.txt,004,0.027887
46_mda.txt,003,0.026772
46_mda.txt,010,0.011554
46_mda.txt,014,0.009484
46_mda.txt,007,0.009283
46_mda.txt,013,0.008608
42_mda.txt,003,1.0
31_mda.txt,001,0.638265
31_mda.txt,000,0.161766
31_mda.txt,013,0.091266
31_mda.txt,002,0.057657
31_mda.txt,009,0.023482
31_mda.txt,003,0.023054
31_mda.txt,004,0.004511
312_mda.txt,016,1.0
482_mda.txt,009,0.462773
482_mda.txt,001,0.249112
482_mda.txt,000,0.139518
482_mda.txt,011,0.099481
482_mda.txt,003,0.023229
482_mda.txt,013,0.020502
482_mda.txt,012,0.005385
225_mda.txt,005,1.0
35_mda.txt,004,0.954448
35_mda.txt,001,0.045552
24_mda.txt,009,0.458243
24_mda.txt,000,0.295271
24_mda.txt,011,0.08942
24_mda.txt,007,0.057932
24_mda.txt,001,0.035367
24_mda.txt,003,0.021146
24_mda.txt,010,0.015472
24_mda.txt,012,0.015294
24_mda.txt,013,0.011855
551_mda.txt,000,0.414604
551_mda.txt,009,0.186701
551_mda.txt,006,0.167445
551_mda.txt,001,0.081681
551_mda.txt,013,0.051762
551_mda.txt,011,0.048105
551_mda.txt,003,0.043582
551_mda.txt,012,0.00612
32_mda.txt,000,0.871794
32_mda.txt,013,0.04196
32_mda.txt,003,0.024482
32_mda.txt,011,0.020563
32_mda.txt,012,0.010469
32_mda.txt,010,0.010355
32_mda.txt,004,0.010036
32_mda.txt,009,0.007668
32_mda.txt,001,0.002675
296_mda.txt,000,0.421305
296_mda.txt,002,0.41283
296_mda.txt,005,0.117224
296_mda.txt,003,0.037005
296_mda.txt,001,0.011636
109_mda.txt,000,0.762071
109_mda.txt,009,0.067644
109_mda.txt,011,0.056275
109_mda.txt,001,0.042022
109_mda.txt,004,0.031901
109_mda.txt,002,0.021136
109_mda.txt,003,0.01235
109_mda.txt,012,0.006601
103_mda.txt,000,0.844228
103_mda.txt,013,0.050077
103_mda.txt,001,0.033534
103_mda.txt,011,0.025597
103_mda.txt,003,0.015394
103_mda.txt,009,0.010451
103_mda.txt,012,0.010187
103_mda.txt,010,0.005821
103_mda.txt,007,0.00471
535_mda.txt,013,0.371161
535_mda.txt,009,0.257656
535_mda.txt,000,0.134541
535_mda.txt,011,0.119223
535_mda.txt,001,0.073304
535_mda.txt,003,0.044115
413_mda.txt,000,0.713753
413_mda.txt,013,0.138623
413_mda.txt,012,0.035472
413_mda.txt,011,0.029302
413_mda.txt,003,0.027281
413_mda.txt,001,0.019065
413_mda.txt,010,0.012195
413_mda.txt,009,0.010656
413_mda.txt,006,0.007692
413_mda.txt,007,0.005961
411_mda.txt,001,0.357421
411_mda.txt,013,0.233903
411_mda.txt,005,0.170494
411_mda.txt,000,0.154227
411_mda.txt,007,0.083955
144_mda.txt,003,0.358878
144_mda.txt,001,0.321293
144_mda.txt,004,0.127437
144_mda.txt,009,0.127208
144_mda.txt,012,0.065183
285_mda.txt,000,0.841379
285_mda.txt,013,0.043657
285_mda.txt,011,0.030936
285_mda.txt,009,0.030691
285_mda.txt,003,0.029147
285_mda.txt,001,0.012902
285_mda.txt,007,0.006007
285_mda.txt,010,0.00528
293_mda.txt,000,0.819636
293_mda.txt,004,0.051271
293_mda.txt,011,0.029185
293_mda.txt,001,0.024307
293_mda.txt,003,0.023178
293_mda.txt,002,0.023054
293_mda.txt,009,0.011757
293_mda.txt,014,0.007261
293_mda.txt,010,0.00529
293_mda.txt,013,0.005061
343_mda.txt,001,0.650879
343_mda.txt,000,0.256084
343_mda.txt,004,0.015913
343_mda.txt,002,0.013724
343_mda.txt,006,0.013638
343_mda.txt,003,0.010464
343_mda.txt,012,0.010303
343_mda.txt,010,0.008038
343_mda.txt,011,0.006802
343_mda.txt,007,0.006569
241_mda.txt,000,0.949492
241_mda.txt,008,0.016769
241_mda.txt,012,0.013969
241_mda.txt,003,0.012758
241_mda.txt,001,0.007013
201_mda.txt,001,0.335149
201_mda.txt,004,0.215438
201_mda.txt,007,0.172711
201_mda.txt,000,0.124121
201_mda.txt,005,0.120713
201_mda.txt,009,0.031867
417_mda.txt,001,0.476385
417_mda.txt,007,0.203523
417_mda.txt,012,0.152551
417_mda.txt,003,0.111583
417_mda.txt,013,0.055958
119_mda.txt,001,0.54652
119_mda.txt,000,0.105624
119_mda.txt,007,0.091717
119_mda.txt,013,0.07974
119_mda.txt,005,0.044474
119_mda.txt,011,0.03738
119_mda.txt,009,0.035007
119_mda.txt,012,0.017029
119_mda.txt,010,0.01457
119_mda.txt,003,0.014366
455_mda.txt,001,0.548903
455_mda.txt,005,0.29933
455_mda.txt,000,0.151767
78_mda.txt,004,0.70718
78_mda.txt,000,0.25711
78_mda.txt,003,0.022118
78_mda.txt,011,0.013593
11_mda.txt,005,1.0
366_mda.txt,000,0.294364
366_mda.txt,006,0.277735
366_mda.txt,005,0.202958
366_mda.txt,001,0.097188
366_mda.txt,007,0.062092
366_mda.txt,015,0.041081
366_mda.txt,003,0.024583
194_mda.txt,000,0.624828
194_mda.txt,001,0.237371
194_mda.txt,006,0.031917
194_mda.txt,010,0.019344
194_mda.txt,009,0.018606
194_mda.txt,004,0.018027
194_mda.txt,011,0.014376
194_mda.txt,012,0.013199
194_mda.txt,003,0.012469
194_mda.txt,008,0.006193
23_mda.txt,000,0.852707
23_mda.txt,001,0.068993
23_mda.txt,003,0.037012
23_mda.txt,009,0.019469
23_mda.txt,004,0.014463
23_mda.txt,012,0.007356
294_mda.txt,011,0.369915
294_mda.txt,001,0.248881
294_mda.txt,000,0.175497
294_mda.txt,009,0.121912
294_mda.txt,003,0.036532
294_mda.txt,013,0.02481
294_mda.txt,007,0.011471
294_mda.txt,010,0.010982
172_mda.txt,000,0.43152
172_mda.txt,001,0.362173
172_mda.txt,008,0.101372
172_mda.txt,003,0.071846
172_mda.txt,002,0.02172
172_mda.txt,015,0.011368
297_mda.txt,001,0.860987
297_mda.txt,009,0.048586
297_mda.txt,003,0.026917
297_mda.txt,011,0.017343
297_mda.txt,012,0.015723
297_mda.txt,006,0.012554
297_mda.txt,010,0.009998
297_mda.txt,000,0.007893
13_mda.txt,003,1.0
368_mda.txt,000,0.87497
368_mda.txt,013,0.045645
368_mda.txt,011,0.030873
368_mda.txt,005,0.021832
368_mda.txt,003,0.01625
368_mda.txt,004,0.01043
546_mda.txt,005,1.0
468_mda.txt,001,0.872695
468_mda.txt,009,0.029857
468_mda.txt,006,0.022588
468_mda.txt,012,0.022102
468_mda.txt,013,0.015582
468_mda.txt,011,0.012851
468_mda.txt,003,0.01117
468_mda.txt,010,0.006647
468_mda.txt,000,0.006509
14_mda.txt,000,0.739993
14_mda.txt,001,0.062813
14_mda.txt,009,0.042932
14_mda.txt,006,0.032091
14_mda.txt,004,0.022706
14_mda.txt,003,0.021345
14_mda.txt,011,0.021179
14_mda.txt,005,0.017878
14_mda.txt,012,0.01443
14_mda.txt,013,0.011187
263_mda.txt,003,0.435335
263_mda.txt,011,0.322303
263_mda.txt,000,0.219091
263_mda.txt,001,0.023272
320_mda.txt,000,0.243786
320_mda.txt,001,0.190516
320_mda.txt,011,0.154776
320_mda.txt,013,0.14801
320_mda.txt,009,0.136499
320_mda.txt,003,0.066561
320_mda.txt,012,0.03705
320_mda.txt,005,0.022803
250_mda.txt,000,0.778542
250_mda.txt,011,0.047589
250_mda.txt,009,0.036732
250_mda.txt,004,0.034907
250_mda.txt,001,0.032359
250_mda.txt,013,0.028722
250_mda.txt,003,0.021661
250_mda.txt,010,0.01043
250_mda.txt,007,0.006355
250_mda.txt,012,0.002701
104_mda.txt,001,0.690805
104_mda.txt,002,0.246685
104_mda.txt,005,0.06251
261_mda.txt,003,1.0
526_mda.txt,013,0.416927
526_mda.txt,012,0.281371
526_mda.txt,003,0.175019
526_mda.txt,000,0.126683
435_mda.txt,000,0.846337
435_mda.txt,013,0.028731
435_mda.txt,003,0.028676
435_mda.txt,004,0.024482
435_mda.txt,011,0.022022
435_mda.txt,001,0.016819
435_mda.txt,009,0.015356
435_mda.txt,010,0.010528
435_mda.txt,012,0.00705
47_mda.txt,000,0.870533
47_mda.txt,003,0.03508
47_mda.txt,001,0.034539
47_mda.txt,011,0.011754
47_mda.txt,009,0.010674
47_mda.txt,004,0.010114
47_mda.txt,007,0.008743
47_mda.txt,010,0.007481
47_mda.txt,017,0.006765
47_mda.txt,002,0.004318
309_mda.txt,001,0.886834
309_mda.txt,011,0.023142
309_mda.txt,000,0.019614
309_mda.txt,009,0.015913
309_mda.txt,003,0.015564
309_mda.txt,012,0.015435
309_mda.txt,010,0.010983
309_mda.txt,006,0.008907
309_mda.txt,008,0.003608
45_mda.txt,001,0.878057
45_mda.txt,013,0.02769
45_mda.txt,012,0.022319
45_mda.txt,006,0.022215
45_mda.txt,011,0.020945
45_mda.txt,003,0.011959
45_mda.txt,010,0.007551
45_mda.txt,007,0.005607
45_mda.txt,008,0.003657
427_mda.txt,009,0.406146
427_mda.txt,001,0.248151
427_mda.txt,011,0.09144
427_mda.txt,000,0.075873
427_mda.txt,003,0.067918
427_mda.txt,012,0.066093
427_mda.txt,013,0.027336
427_mda.txt,007,0.017042
335_mda.txt,003,1.0
495_mda.txt,011,0.39882
495_mda.txt,013,0.248009
495_mda.txt,000,0.134991
495_mda.txt,001,0.13393
495_mda.txt,003,0.038814
495_mda.txt,009,0.030964
495_mda.txt,008,0.014472
342_mda.txt,000,0.4228
342_mda.txt,013,0.275197
342_mda.txt,011,0.203708
342_mda.txt,003,0.042552
342_mda.txt,009,0.020738
342_mda.txt,012,0.018509
342_mda.txt,001,0.016495
257_mda.txt,001,0.508063
257_mda.txt,003,0.385484
257_mda.txt,007,0.065922
257_mda.txt,000,0.040531
227_mda.txt,003,0.691358
227_mda.txt,000,0.200775
227_mda.txt,004,0.092044
227_mda.txt,001,0.015823
274_mda.txt,000,0.44231
274_mda.txt,009,0.2342
274_mda.txt,011,0.131405
274_mda.txt,001,0.104132
274_mda.txt,013,0.033002
274_mda.txt,003,0.02735
274_mda.txt,006,0.016261
274_mda.txt,012,0.01134
463_mda.txt,006,0.721505
463_mda.txt,011,0.145111
463_mda.txt,000,0.069307
463_mda.txt,005,0.064078
94_mda.txt,001,0.555796
94_mda.txt,005,0.129259
94_mda.txt,007,0.113573
94_mda.txt,000,0.05974
94_mda.txt,004,0.041535
94_mda.txt,013,0.032709
94_mda.txt,016,0.025405
94_mda.txt,009,0.025228
94_mda.txt,003,0.016754
447_mda.txt,000,0.60481
447_mda.txt,013,0.243321
447_mda.txt,003,0.056455
447_mda.txt,009,0.047894
447_mda.txt,002,0.036828
447_mda.txt,012,0.010692
70_mda.txt,013,0.434258
70_mda.txt,001,0.223606
70_mda.txt,011,0.117178
70_mda.txt,012,0.098742
70_mda.txt,003,0.051059
70_mda.txt,000,0.046889
70_mda.txt,009,0.028268
496_mda.txt,001,0.720544
496_mda.txt,000,0.158829
496_mda.txt,004,0.050924
496_mda.txt,002,0.02578
496_mda.txt,005,0.012481
496_mda.txt,008,0.012106
496_mda.txt,010,0.008109
496_mda.txt,012,0.006681
496_mda.txt,003,0.004546
8_mda.txt,000,0.67487
8_mda.txt,013,0.175063
8_mda.txt,011,0.046779
8_mda.txt,003,0.039625
8_mda.txt,007,0.013608
8_mda.txt,009,0.01267
8_mda.txt,010,0.012386
8_mda.txt,012,0.01238
8_mda.txt,004,0.009535
8_mda.txt,006,0.002636
479_mda.txt,000,0.827461
479_mda.txt,001,0.052313
479_mda.txt,011,0.037666
479_mda.txt,003,0.027304
479_mda.txt,009,0.021445
479_mda.txt,007,0.012461
479_mda.txt,005,0.009584
479_mda.txt,008,0.006465
479_mda.txt,010,0.0053
489_mda.txt,006,1.0
306_mda.txt,009,0.401195
306_mda.txt,006,0.312419
306_mda.txt,001,0.198026
306_mda.txt,014,0.088361
254_mda.txt,000,0.687998
254_mda.txt,009,0.141086
254_mda.txt,013,0.078491
254_mda.txt,001,0.023591
254_mda.txt,011,0.023238
254_mda.txt,003,0.021355
254_mda.txt,010,0.012476
254_mda.txt,006,0.006462
254_mda.txt,012,0.005303
538_mda.txt,013,0.538988
538_mda.txt,000,0.39745
538_mda.txt,003,0.063561
61_mda.txt,003,1.0
113_mda.txt,000,0.369074
113_mda.txt,011,0.339264
113_mda.txt,013,0.157727
113_mda.txt,003,0.079115
113_mda.txt,009,0.029873
113_mda.txt,012,0.024947
271_mda.txt,002,0.317378
271_mda.txt,001,0.298411
271_mda.txt,000,0.253728
271_mda.txt,005,0.073718
271_mda.txt,012,0.038888
271_mda.txt,003,0.017877
303_mda.txt,000,0.340424
303_mda.txt,001,0.297857
303_mda.txt,009,0.150209
303_mda.txt,013,0.080494
303_mda.txt,011,0.037989
303_mda.txt,006,0.031633
303_mda.txt,003,0.021782
303_mda.txt,007,0.020651
303_mda.txt,012,0.012064
303_mda.txt,010,0.006898
356_mda.txt,002,0.968601
356_mda.txt,003,0.031399
76_mda.txt,000,0.842049
76_mda.txt,003,0.036984
76_mda.txt,013,0.028463
76_mda.txt,001,0.027325
76_mda.txt,009,0.02615
76_mda.txt,005,0.018432
76_mda.txt,010,0.010815
76_mda.txt,004,0.009782
350_mda.txt,012,0.480348
350_mda.txt,003,0.323084
350_mda.txt,008,0.104006
350_mda.txt,013,0.092562
491_mda.txt,003,0.502694
491_mda.txt,001,0.316407
491_mda.txt,000,0.099033
491_mda.txt,012,0.081867
554_mda.txt,001,0.653326
554_mda.txt,000,0.095226
554_mda.txt,005,0.05877
554_mda.txt,007,0.046637
554_mda.txt,013,0.036672
554_mda.txt,009,0.034843
554_mda.txt,011,0.026254
554_mda.txt,010,0.024489
554_mda.txt,004,0.016673
554_mda.txt,003,0.00711
414_mda.txt,001,0.250929
414_mda.txt,000,0.23075
414_mda.txt,009,0.214606
414_mda.txt,011,0.11571
414_mda.txt,013,0.114983
414_mda.txt,010,0.044271
414_mda.txt,006,0.011377
414_mda.txt,003,0.011258
414_mda.txt,012,0.006117
185_mda.txt,000,0.336321
185_mda.txt,011,0.2873
185_mda.txt,009,0.217717
185_mda.txt,013,0.065031
185_mda.txt,003,0.057814
185_mda.txt,001,0.022796
185_mda.txt,012,0.01302
187_mda.txt,001,0.591827
187_mda.txt,000,0.301583
187_mda.txt,002,0.043097
187_mda.txt,004,0.018942
187_mda.txt,012,0.012541
187_mda.txt,010,0.010012
187_mda.txt,006,0.00971
187_mda.txt,007,0.007195
187_mda.txt,003,0.005093
102_mda.txt,001,0.538377
102_mda.txt,013,0.177919
102_mda.txt,009,0.131267
102_mda.txt,011,0.10629
102_mda.txt,003,0.026095
102_mda.txt,006,0.020052
464_mda.txt,000,0.678019
464_mda.txt,003,0.099877
464_mda.txt,013,0.097394
464_mda.txt,001,0.081949
464_mda.txt,009,0.028681
464_mda.txt,010,0.01408
9_mda.txt,014,1.0
401_mda.txt,003,1.0
370_mda.txt,004,0.947818
370_mda.txt,003,0.027793
370_mda.txt,000,0.024388
448_mda.txt,013,0.249781
448_mda.txt,000,0.244168
448_mda.txt,001,0.190759
448_mda.txt,009,0.103794
448_mda.txt,011,0.070658
448_mda.txt,007,0.066414
448_mda.txt,003,0.039175
448_mda.txt,012,0.024949
448_mda.txt,010,0.010302
30_mda.txt,000,0.826626
30_mda.txt,001,0.079084
30_mda.txt,013,0.033983
30_mda.txt,005,0.016233
30_mda.txt,011,0.012717
30_mda.txt,010,0.011478
30_mda.txt,003,0.008709
30_mda.txt,008,0.006517
30_mda.txt,004,0.004652
295_mda.txt,011,0.308123
295_mda.txt,013,0.305581
295_mda.txt,000,0.244785
295_mda.txt,001,0.051625
295_mda.txt,003,0.036953
295_mda.txt,009,0.034626
295_mda.txt,010,0.010256
295_mda.txt,012,0.008051
404_mda.txt,011,0.396359
404_mda.txt,013,0.265947
404_mda.txt,000,0.24407
404_mda.txt,001,0.093624
37_mda.txt,000,0.674224
37_mda.txt,001,0.09983
37_mda.txt,004,0.072389
37_mda.txt,002,0.062665
37_mda.txt,012,0.030103
37_mda.txt,003,0.024379
37_mda.txt,005,0.02035
37_mda.txt,006,0.007789
37_mda.txt,014,0.005756
37_mda.txt,013,0.002514
395_mda.txt,000,0.877859
395_mda.txt,001,0.041507
395_mda.txt,013,0.025804
395_mda.txt,003,0.024616
395_mda.txt,004,0.014984
395_mda.txt,010,0.010043
395_mda.txt,014,0.005188
311_mda.txt,001,0.70448
311_mda.txt,000,0.18963
311_mda.txt,004,0.036735
311_mda.txt,002,0.022714
311_mda.txt,010,0.01253
311_mda.txt,003,0.011574
311_mda.txt,005,0.011265
311_mda.txt,012,0.011071
100_mda.txt,000,0.605957
100_mda.txt,005,0.186555
100_mda.txt,002,0.141766
100_mda.txt,003,0.065723
536_mda.txt,011,0.273263
536_mda.txt,009,0.252518
536_mda.txt,001,0.226984
536_mda.txt,000,0.184503
536_mda.txt,003,0.03481
536_mda.txt,012,0.027921
97_mda.txt,000,0.595477
97_mda.txt,002,0.145295
97_mda.txt,009,0.084253
97_mda.txt,011,0.069011
97_mda.txt,004,0.047207
97_mda.txt,001,0.027729
97_mda.txt,015,0.02366
97_mda.txt,010,0.007368
430_mda.txt,000,0.726192
430_mda.txt,002,0.076479
430_mda.txt,001,0.034314
430_mda.txt,003,0.031698
430_mda.txt,012,0.029056
430_mda.txt,004,0.026199
430_mda.txt,013,0.01856
430_mda.txt,019,0.018478
430_mda.txt,009,0.016835
430_mda.txt,011,0.009664
307_mda.txt,000,0.643474
307_mda.txt,002,0.311902
307_mda.txt,003,0.024222
307_mda.txt,006,0.020403
289_mda.txt,006,1.0
160_mda.txt,009,0.475213
160_mda.txt,000,0.191249
160_mda.txt,001,0.161182
160_mda.txt,011,0.074212
160_mda.txt,003,0.018997
160_mda.txt,013,0.017845
160_mda.txt,012,0.017158
160_mda.txt,004,0.014207
160_mda.txt,010,0.013496
160_mda.txt,007,0.013092
453_mda.txt,003,0.413002
453_mda.txt,012,0.379428
453_mda.txt,001,0.133438
453_mda.txt,009,0.074133
155_mda.txt,000,1.0
473_mda.txt,006,0.609321
473_mda.txt,000,0.185352
473_mda.txt,001,0.066574
473_mda.txt,011,0.064882
473_mda.txt,005,0.041895
473_mda.txt,003,0.031977
374_mda.txt,003,0.443562
374_mda.txt,000,0.33181
374_mda.txt,013,0.175686
374_mda.txt,001,0.048942
488_mda.txt,000,0.724921
488_mda.txt,001,0.084582
488_mda.txt,011,0.040173
488_mda.txt,009,0.035743
488_mda.txt,013,0.024589
488_mda.txt,012,0.023133
488_mda.txt,004,0.015746
488_mda.txt,008,0.014378
488_mda.txt,006,0.012652
488_mda.txt,007,0.010804
211_mda.txt,001,0.832721
211_mda.txt,011,0.071304
211_mda.txt,012,0.049439
211_mda.txt,003,0.028057
211_mda.txt,009,0.01848
394_mda.txt,013,0.292683
394_mda.txt,001,0.276556
394_mda.txt,009,0.142528
394_mda.txt,000,0.141448
394_mda.txt,011,0.095889
394_mda.txt,003,0.032082
394_mda.txt,012,0.012852
394_mda.txt,008,0.005962
264_mda.txt,000,0.826731
264_mda.txt,011,0.04402
264_mda.txt,001,0.043578
264_mda.txt,012,0.030285
264_mda.txt,013,0.018394
264_mda.txt,003,0.017089
264_mda.txt,009,0.017078
264_mda.txt,002,0.002824
378_mda.txt,013,0.294108
378_mda.txt,011,0.218007
378_mda.txt,003,0.170336
378_mda.txt,007,0.123759
378_mda.txt,012,0.118508
378_mda.txt,000,0.075282
217_mda.txt,004,0.939306
217_mda.txt,000,0.060693
145_mda.txt,000,0.818362
145_mda.txt,011,0.0618
145_mda.txt,009,0.050806
145_mda.txt,003,0.025867
145_mda.txt,004,0.016669
145_mda.txt,001,0.01316
145_mda.txt,010,0.007179
145_mda.txt,008,0.006156
384_mda.txt,003,1.0
146_mda.txt,005,1.0
10_mda.txt,005,1.0
151_mda.txt,000,0.785721
151_mda.txt,003,0.112832
151_mda.txt,001,0.068536
151_mda.txt,014,0.017597
151_mda.txt,012,0.015314
359_mda.txt,011,0.339961
359_mda.txt,000,0.257607
359_mda.txt,001,0.215681
359_mda.txt,009,0.084736
359_mda.txt,013,0.056007
359_mda.txt,003,0.016275
359_mda.txt,012,0.014986
359_mda.txt,010,0.009504
359_mda.txt,007,0.005243
162_mda.txt,003,1.0
28_mda.txt,000,0.786576
28_mda.txt,003,0.066009
28_mda.txt,013,0.050633
28_mda.txt,001,0.039109
28_mda.txt,009,0.032309
28_mda.txt,012,0.02334
28_mda.txt,004,0.002024
96_mda.txt,004,0.600911
96_mda.txt,000,0.25515
96_mda.txt,002,0.099693
96_mda.txt,003,0.044246
319_mda.txt,000,0.819881
319_mda.txt,006,0.044865
319_mda.txt,013,0.039412
319_mda.txt,011,0.029216
319_mda.txt,009,0.016269
319_mda.txt,003,0.015271
319_mda.txt,012,0.011323
319_mda.txt,002,0.009454
319_mda.txt,007,0.008135
319_mda.txt,010,0.006173
499_mda.txt,001,0.859335
499_mda.txt,005,0.074569
499_mda.txt,004,0.024144
499_mda.txt,012,0.019317
499_mda.txt,000,0.014769
499_mda.txt,006,0.007866
229_mda.txt,011,0.369423
229_mda.txt,001,0.345812
229_mda.txt,000,0.122608
229_mda.txt,009,0.072183
229_mda.txt,013,0.053382
229_mda.txt,010,0.015643
229_mda.txt,003,0.012336
229_mda.txt,012,0.008614
527_mda.txt,000,0.61039
527_mda.txt,001,0.267123
527_mda.txt,003,0.058478
527_mda.txt,014,0.035624
527_mda.txt,012,0.025392
527_mda.txt,004,0.002992
198_mda.txt,011,0.378172
198_mda.txt,009,0.253245
198_mda.txt,000,0.239498
198_mda.txt,001,0.081133
198_mda.txt,012,0.016936
198_mda.txt,013,0.011474
198_mda.txt,010,0.010136
198_mda.txt,003,0.009406
114_mda.txt,000,0.845432
114_mda.txt,003,0.045246
114_mda.txt,013,0.03354
114_mda.txt,009,0.024782
114_mda.txt,001,0.021666
114_mda.txt,011,0.017148
114_mda.txt,010,0.005344
114_mda.txt,004,0.00448
114_mda.txt,017,0.002361
437_mda.txt,001,0.296733
437_mda.txt,000,0.246013
437_mda.txt,007,0.123115
437_mda.txt,009,0.086567
437_mda.txt,005,0.079396
437_mda.txt,013,0.071679
437_mda.txt,003,0.030933
437_mda.txt,011,0.022567
437_mda.txt,004,0.017229
437_mda.txt,010,0.016548
419_mda.txt,001,0.842294
419_mda.txt,009,0.057138
419_mda.txt,011,0.029244
419_mda.txt,013,0.017366
419_mda.txt,000,0.016442
419_mda.txt,012,0.015142
419_mda.txt,003,0.014482
419_mda.txt,010,0.007892
258_mda.txt,011,0.438417
258_mda.txt,000,0.272659
258_mda.txt,009,0.132245
258_mda.txt,013,0.072959
258_mda.txt,003,0.036023
258_mda.txt,001,0.027919
258_mda.txt,004,0.011644
258_mda.txt,012,0.008133
204_mda.txt,002,0.557389
204_mda.txt,006,0.267248
204_mda.txt,001,0.136029
204_mda.txt,000,0.039333
339_mda.txt,002,0.777148
339_mda.txt,000,0.222852
403_mda.txt,003,1.0
178_mda.txt,005,1.0
515_mda.txt,002,0.639799
515_mda.txt,001,0.314827
515_mda.txt,005,0.045374
126_mda.txt,001,0.836262
126_mda.txt,009,0.034324
126_mda.txt,013,0.028506
126_mda.txt,012,0.028058
126_mda.txt,011,0.022894
126_mda.txt,006,0.020778
126_mda.txt,003,0.009194
126_mda.txt,019,0.007644
126_mda.txt,007,0.006605
126_mda.txt,010,0.005736
2_mda.txt,001,0.622735
2_mda.txt,000,0.186002
2_mda.txt,004,0.124714
2_mda.txt,011,0.016281
2_mda.txt,002,0.01479
2_mda.txt,010,0.011528
2_mda.txt,009,0.00941
2_mda.txt,003,0.008197
2_mda.txt,008,0.006344
71_mda.txt,000,0.858417
71_mda.txt,013,0.031842
71_mda.txt,011,0.031565
71_mda.txt,003,0.020063
71_mda.txt,001,0.018508
71_mda.txt,004,0.013199
71_mda.txt,009,0.013177
71_mda.txt,007,0.007033
71_mda.txt,010,0.006196
544_mda.txt,000,0.713936
544_mda.txt,001,0.081022
544_mda.txt,006,0.035194
544_mda.txt,004,0.035162
544_mda.txt,003,0.033967
544_mda.txt,009,0.029961
544_mda.txt,011,0.028267
544_mda.txt,010,0.021782
544_mda.txt,013,0.020708
34_mda.txt,000,0.840427
34_mda.txt,011,0.038471
34_mda.txt,013,0.037976
34_mda.txt,003,0.019237
34_mda.txt,001,0.015343
34_mda.txt,006,0.014702
34_mda.txt,009,0.010685
34_mda.txt,010,0.009578
34_mda.txt,012,0.007705
34_mda.txt,007,0.004667
106_mda.txt,001,0.881604
106_mda.txt,000,0.030146
106_mda.txt,009,0.022378
106_mda.txt,010,0.020147
106_mda.txt,012,0.019347
106_mda.txt,006,0.016869
106_mda.txt,003,0.00951
57_mda.txt,000,0.410436
57_mda.txt,001,0.401742
57_mda.txt,002,0.066045
57_mda.txt,013,0.058055
57_mda.txt,003,0.022827
57_mda.txt,006,0.010966
57_mda.txt,012,0.009619
57_mda.txt,010,0.007615
57_mda.txt,011,0.007588
57_mda.txt,008,0.005107
12_mda.txt,002,0.907155
12_mda.txt,003,0.092845
471_mda.txt,001,0.650149
471_mda.txt,000,0.186724
471_mda.txt,004,0.066932
471_mda.txt,003,0.024384
471_mda.txt,010,0.013856
471_mda.txt,011,0.013418
471_mda.txt,006,0.013129
471_mda.txt,009,0.010492
471_mda.txt,002,0.008266
471_mda.txt,008,0.007742
282_mda.txt,001,0.470822
282_mda.txt,000,0.37184
282_mda.txt,013,0.089138
282_mda.txt,005,0.0682
260_mda.txt,000,0.791407
260_mda.txt,003,0.073379
260_mda.txt,009,0.060636
260_mda.txt,011,0.038194
260_mda.txt,013,0.029538
260_mda.txt,012,0.006847
540_mda.txt,003,0.848323
540_mda.txt,011,0.151677
245_mda.txt,000,0.940175
245_mda.txt,006,0.037678
245_mda.txt,005,0.020095
245_mda.txt,002,0.002052
524_mda.txt,013,0.300771
524_mda.txt,011,0.215528
524_mda.txt,000,0.21319
524_mda.txt,001,0.091793
524_mda.txt,012,0.070162
524_mda.txt,009,0.058247
524_mda.txt,003,0.050309
542_mda.txt,002,1.0
405_mda.txt,001,0.88065
405_mda.txt,000,0.035717
405_mda.txt,010,0.024106
405_mda.txt,013,0.016894
405_mda.txt,006,0.014603
405_mda.txt,012,0.00971
405_mda.txt,003,0.007138
405_mda.txt,004,0.006101
405_mda.txt,008,0.005083
195_mda.txt,000,0.634697
195_mda.txt,009,0.191356
195_mda.txt,003,0.087789
195_mda.txt,011,0.073428
195_mda.txt,012,0.01273
135_mda.txt,004,0.647618
135_mda.txt,000,0.149568
135_mda.txt,011,0.08101
135_mda.txt,010,0.07126
135_mda.txt,002,0.050544
152_mda.txt,000,0.741187
152_mda.txt,003,0.126583
152_mda.txt,001,0.093671
152_mda.txt,013,0.016812
152_mda.txt,014,0.012617
152_mda.txt,012,0.00913
340_mda.txt,001,0.86936
340_mda.txt,012,0.039206
340_mda.txt,009,0.025225
340_mda.txt,011,0.021968
340_mda.txt,003,0.017915
340_mda.txt,010,0.017802
340_mda.txt,006,0.008524
246_mda.txt,002,0.828916
246_mda.txt,000,0.103541
246_mda.txt,003,0.067543
547_mda.txt,013,0.444146
547_mda.txt,000,0.227205
547_mda.txt,009,0.126505
547_mda.txt,001,0.087901
547_mda.txt,003,0.069763
547_mda.txt,011,0.04448
93_mda.txt,004,0.94967
93_mda.txt,000,0.0307
93_mda.txt,001,0.01963
541_mda.txt,000,0.299516
541_mda.txt,001,0.227119
541_mda.txt,007,0.193022
541_mda.txt,013,0.088409
541_mda.txt,006,0.066878
541_mda.txt,003,0.033619
541_mda.txt,009,0.033456
541_mda.txt,011,0.022149
541_mda.txt,004,0.020613
541_mda.txt,012,0.00969
322_mda.txt,001,0.326761
322_mda.txt,000,0.305867
322_mda.txt,007,0.150939
322_mda.txt,005,0.077395
322_mda.txt,004,0.072636
322_mda.txt,009,0.039136
322_mda.txt,013,0.027265
67_mda.txt,000,0.752476
67_mda.txt,002,0.195537
67_mda.txt,013,0.051986
408_mda.txt,000,0.385727
408_mda.txt,013,0.190537
408_mda.txt,007,0.176165
408_mda.txt,001,0.08105
408_mda.txt,011,0.052044
408_mda.txt,005,0.047436
408_mda.txt,009,0.037031
408_mda.txt,003,0.022626
408_mda.txt,012,0.007382
369_mda.txt,000,0.337589
369_mda.txt,009,0.247162
369_mda.txt,001,0.230736
369_mda.txt,011,0.064628
369_mda.txt,013,0.057105
369_mda.txt,003,0.026005
369_mda.txt,012,0.019852
369_mda.txt,008,0.009164
369_mda.txt,004,0.007759
390_mda.txt,000,0.869607
390_mda.txt,013,0.031589
390_mda.txt,011,0.028586
390_mda.txt,003,0.019679
390_mda.txt,001,0.01587
390_mda.txt,012,0.014609
390_mda.txt,006,0.010733
390_mda.txt,010,0.009327
118_mda.txt,003,1.0
95_mda.txt,001,0.367799
95_mda.txt,011,0.213728
95_mda.txt,000,0.199899
95_mda.txt,009,0.050656
95_mda.txt,003,0.037997
95_mda.txt,007,0.034338
95_mda.txt,013,0.029317
95_mda.txt,010,0.028947
95_mda.txt,008,0.023441
95_mda.txt,012,0.013879
165_mda.txt,001,0.727094
165_mda.txt,000,0.178713
165_mda.txt,010,0.020898
165_mda.txt,003,0.020152
165_mda.txt,002,0.019021
165_mda.txt,004,0.018918
165_mda.txt,012,0.015205
292_mda.txt,003,0.510769
292_mda.txt,009,0.320383
292_mda.txt,001,0.168847
29_mda.txt,009,0.450692
29_mda.txt,000,0.237659
29_mda.txt,001,0.123738
29_mda.txt,004,0.060527
29_mda.txt,011,0.052511
29_mda.txt,005,0.03161
29_mda.txt,003,0.026438
29_mda.txt,012,0.016826
99_mda.txt,000,0.839052
99_mda.txt,001,0.060252
99_mda.txt,003,0.029262
99_mda.txt,002,0.026474
99_mda.txt,013,0.019827
99_mda.txt,011,0.014139
99_mda.txt,012,0.010993
302_mda.txt,001,0.763673
302_mda.txt,004,0.06491
302_mda.txt,009,0.047047
302_mda.txt,003,0.042798
302_mda.txt,012,0.041313
302_mda.txt,000,0.031935
302_mda.txt,007,0.008324
522_mda.txt,000,0.543745
522_mda.txt,006,0.280273
522_mda.txt,001,0.071324
522_mda.txt,013,0.070547
522_mda.txt,003,0.03021
522_mda.txt,009,0.0039
416_mda.txt,002,0.650357
416_mda.txt,000,0.185964
416_mda.txt,013,0.163679
158_mda.txt,002,0.700433
158_mda.txt,000,0.134544
158_mda.txt,003,0.071504
158_mda.txt,001,0.056383
158_mda.txt,009,0.037137
230_mda.txt,001,0.529644
230_mda.txt,000,0.360999
230_mda.txt,004,0.055561
230_mda.txt,003,0.01726
230_mda.txt,006,0.016222
230_mda.txt,012,0.012212
230_mda.txt,010,0.008103
386_mda.txt,001,0.524691
386_mda.txt,010,0.245859
386_mda.txt,013,0.094895
386_mda.txt,003,0.094295
386_mda.txt,011,0.040261
284_mda.txt,012,1.0
219_mda.txt,002,0.920515
219_mda.txt,005,0.047001
219_mda.txt,000,0.032484
516_mda.txt,000,0.796285
516_mda.txt,013,0.05802
516_mda.txt,011,0.042277
516_mda.txt,009,0.037848
516_mda.txt,003,0.025065
516_mda.txt,012,0.020571
516_mda.txt,005,0.015792
516_mda.txt,004,0.004141
239_mda.txt,000,0.472542
239_mda.txt,006,0.145039
239_mda.txt,009,0.115045
239_mda.txt,001,0.114623
239_mda.txt,011,0.042157
239_mda.txt,010,0.031408
239_mda.txt,003,0.027195
239_mda.txt,013,0.023519
239_mda.txt,007,0.013001
239_mda.txt,012,0.008334
84_mda.txt,000,0.821562
84_mda.txt,013,0.056504
84_mda.txt,011,0.039499
84_mda.txt,012,0.020583
84_mda.txt,003,0.020032
84_mda.txt,009,0.01139
84_mda.txt,007,0.010339
84_mda.txt,001,0.008282
84_mda.txt,010,0.007457
84_mda.txt,008,0.004352
420_mda.txt,000,1.0
232_mda.txt,001,0.586246
232_mda.txt,000,0.269925
232_mda.txt,004,0.056004
232_mda.txt,012,0.017316
232_mda.txt,002,0.015883
232_mda.txt,003,0.014399
232_mda.txt,008,0.012884
232_mda.txt,011,0.010028
232_mda.txt,005,0.008831
232_mda.txt,010,0.008485
259_mda.txt,011,0.375834
259_mda.txt,013,0.166046
259_mda.txt,001,0.162457
259_mda.txt,000,0.100916
259_mda.txt,009,0.081166
259_mda.txt,007,0.04373
259_mda.txt,012,0.037636
259_mda.txt,003,0.032216
249_mda.txt,001,0.399334
249_mda.txt,000,0.194199
249_mda.txt,013,0.09833
249_mda.txt,011,0.096031
249_mda.txt,007,0.065877
249_mda.txt,009,0.054941
249_mda.txt,012,0.039242
249_mda.txt,004,0.025206
249_mda.txt,003,0.011507
249_mda.txt,010,0.008971
301_mda.txt,005,1.0
55_mda.txt,009,0.331571
55_mda.txt,001,0.245112
55_mda.txt,000,0.204684
55_mda.txt,011,0.117943
55_mda.txt,013,0.058657
55_mda.txt,003,0.024004
55_mda.txt,012,0.01803
523_mda.txt,003,1.0
77_mda.txt,015,1.0
65_mda.txt,003,1.0
502_mda.txt,002,0.64916
502_mda.txt,000,0.177581
502_mda.txt,013,0.116012
502_mda.txt,006,0.057247
298_mda.txt,002,1.0
440_mda.txt,011,0.416883
440_mda.txt,013,0.291186
440_mda.txt,001,0.182252
440_mda.txt,003,0.055848
440_mda.txt,007,0.029399
440_mda.txt,009,0.024433
333_mda.txt,000,0.717597
333_mda.txt,001,0.067921
333_mda.txt,009,0.049137
333_mda.txt,011,0.036892
333_mda.txt,003,0.027871
333_mda.txt,006,0.025036
333_mda.txt,012,0.021053
333_mda.txt,010,0.01784
333_mda.txt,013,0.017643
333_mda.txt,007,0.016905
438_mda.txt,004,1.0
304_mda.txt,001,0.35289
304_mda.txt,000,0.26703
304_mda.txt,009,0.07633
304_mda.txt,011,0.075036
304_mda.txt,013,0.070222
304_mda.txt,004,0.042559
304_mda.txt,007,0.03921
304_mda.txt,005,0.031037
304_mda.txt,012,0.020249
304_mda.txt,010,0.017644
169_mda.txt,016,1.0
133_mda.txt,003,1.0
80_mda.txt,012,0.671007
80_mda.txt,003,0.328993
203_mda.txt,001,0.297052
203_mda.txt,000,0.219883
203_mda.txt,009,0.216166
203_mda.txt,004,0.082525
203_mda.txt,011,0.052226
203_mda.txt,005,0.033658
203_mda.txt,013,0.032832
203_mda.txt,012,0.024215
203_mda.txt,007,0.016508
203_mda.txt,010,0.014848
424_mda.txt,000,0.815956
424_mda.txt,003,0.055785
424_mda.txt,013,0.047237
424_mda.txt,011,0.029515
424_mda.txt,001,0.018292
424_mda.txt,009,0.011679
424_mda.txt,006,0.01097
424_mda.txt,008,0.010566
555_mda.txt,003,0.862495
555_mda.txt,000,0.137505
385_mda.txt,011,0.438417
385_mda.txt,000,0.272659
385_mda.txt,009,0.132245
385_mda.txt,013,0.072959
385_mda.txt,003,0.036023
385_mda.txt,001,0.027919
385_mda.txt,004,0.011644
385_mda.txt,012,0.008133
517_mda.txt,009,0.732751
517_mda.txt,000,0.267249
200_mda.txt,000,0.675452
200_mda.txt,008,0.131482
200_mda.txt,009,0.044719
200_mda.txt,003,0.036191
200_mda.txt,010,0.025432
200_mda.txt,001,0.021801
200_mda.txt,011,0.020267
200_mda.txt,004,0.014141
200_mda.txt,012,0.011697
200_mda.txt,006,0.01048
127_mda.txt,013,0.401823
127_mda.txt,011,0.314072
127_mda.txt,001,0.105131
127_mda.txt,000,0.09429
127_mda.txt,009,0.042833
127_mda.txt,003,0.041851
433_mda.txt,002,0.608127
433_mda.txt,000,0.181357
433_mda.txt,013,0.135332
433_mda.txt,003,0.041476
433_mda.txt,014,0.033708
90_mda.txt,003,1.0
218_mda.txt,011,0.472523
218_mda.txt,000,0.209289
218_mda.txt,003,0.084438
218_mda.txt,019,0.077547
218_mda.txt,009,0.070105
218_mda.txt,007,0.03237
218_mda.txt,012,0.030845
218_mda.txt,013,0.022884
44_mda.txt,000,0.863444
44_mda.txt,013,0.035629
44_mda.txt,003,0.023911
44_mda.txt,011,0.020117
44_mda.txt,002,0.014284
44_mda.txt,005,0.013104
44_mda.txt,001,0.011788
44_mda.txt,014,0.009558
44_mda.txt,004,0.008166
458_mda.txt,003,0.425213
458_mda.txt,000,0.24279
458_mda.txt,007,0.164615
458_mda.txt,004,0.112973
458_mda.txt,001,0.029347
458_mda.txt,013,0.025063
510_mda.txt,005,1.0
365_mda.txt,000,0.765639
365_mda.txt,009,0.064967
365_mda.txt,001,0.037835
365_mda.txt,013,0.034729
365_mda.txt,004,0.022522
365_mda.txt,002,0.016947
365_mda.txt,003,0.011591
365_mda.txt,007,0.011425
365_mda.txt,012,0.010756
365_mda.txt,006,0.009401
346_mda.txt,002,0.561302
346_mda.txt,000,0.226855
346_mda.txt,009,0.183833
346_mda.txt,003,0.025534
346_mda.txt,001,0.002476
191_mda.txt,003,0.894054
191_mda.txt,000,0.105946
174_mda.txt,003,0.906649
174_mda.txt,007,0.093351
281_mda.txt,005,1.0
387_mda.txt,000,0.423199
387_mda.txt,001,0.258794
387_mda.txt,007,0.112544
387_mda.txt,002,0.080144
387_mda.txt,005,0.059279
387_mda.txt,013,0.041998
387_mda.txt,012,0.024041
48_mda.txt,001,0.819502
48_mda.txt,009,0.042845
48_mda.txt,012,0.032648
48_mda.txt,006,0.026579
48_mda.txt,011,0.025015
48_mda.txt,003,0.024101
48_mda.txt,013,0.018452
48_mda.txt,010,0.006703
48_mda.txt,000,0.002842
48_mda.txt,004,0.001312
117_mda.txt,003,0.286092
117_mda.txt,011,0.28361
117_mda.txt,001,0.184015
117_mda.txt,000,0.152911
117_mda.txt,005,0.064795
117_mda.txt,016,0.028576
432_mda.txt,011,0.577425
432_mda.txt,000,0.121511
432_mda.txt,009,0.110947
432_mda.txt,001,0.061513
432_mda.txt,013,0.043436
432_mda.txt,006,0.04282
432_mda.txt,012,0.021969
432_mda.txt,003,0.010789
432_mda.txt,008,0.005244
432_mda.txt,010,0.004347
125_mda.txt,005,0.520536
125_mda.txt,000,0.263642
125_mda.txt,006,0.215821
494_mda.txt,003,0.597053
494_mda.txt,005,0.187298
494_mda.txt,007,0.165347
494_mda.txt,016,0.039586
494_mda.txt,000,0.010716
138_mda.txt,000,0.406564
138_mda.txt,001,0.17313
138_mda.txt,011,0.142315
138_mda.txt,009,0.124336
138_mda.txt,013,0.0756
138_mda.txt,003,0.044378
138_mda.txt,012,0.033677
330_mda.txt,003,0.574502
330_mda.txt,000,0.32614
330_mda.txt,011,0.088523
330_mda.txt,001,0.010836
147_mda.txt,001,0.597189
147_mda.txt,000,0.277369
147_mda.txt,004,0.058478
147_mda.txt,002,0.021234
147_mda.txt,003,0.0195
147_mda.txt,012,0.009827
147_mda.txt,010,0.008906
147_mda.txt,009,0.007496
501_mda.txt,001,0.563876
501_mda.txt,000,0.165911
501_mda.txt,013,0.081813
501_mda.txt,007,0.05095
501_mda.txt,011,0.040169
501_mda.txt,006,0.034459
501_mda.txt,003,0.019311
501_mda.txt,010,0.015796
501_mda.txt,009,0.015305
501_mda.txt,012,0.012409
129_mda.txt,000,0.460318
129_mda.txt,007,0.207759
129_mda.txt,001,0.10728
129_mda.txt,005,0.105206
129_mda.txt,009,0.035529
129_mda.txt,004,0.026334
129_mda.txt,010,0.023637
129_mda.txt,003,0.019948
129_mda.txt,013,0.013989
215_mda.txt,000,0.756361
215_mda.txt,013,0.062526
215_mda.txt,009,0.049189
215_mda.txt,003,0.032092
215_mda.txt,001,0.027227
215_mda.txt,014,0.0229
215_mda.txt,004,0.016272
215_mda.txt,010,0.014869
215_mda.txt,011,0.011921
215_mda.txt,012,0.006642
286_mda.txt,004,0.723269
286_mda.txt,000,0.181913
286_mda.txt,001,0.06141
286_mda.txt,009,0.030539
286_mda.txt,016,0.002868
59_mda.txt,013,0.39819
59_mda.txt,001,0.196713
59_mda.txt,011,0.194567
59_mda.txt,000,0.167963
59_mda.txt,003,0.042566
506_mda.txt,000,0.864201
506_mda.txt,002,0.027172
506_mda.txt,003,0.022102
506_mda.txt,009,0.021922
506_mda.txt,013,0.01756
506_mda.txt,012,0.013659
506_mda.txt,001,0.01262
506_mda.txt,006,0.011683
506_mda.txt,004,0.009081
441_mda.txt,000,0.673921
441_mda.txt,001,0.144519
441_mda.txt,009,0.086198
441_mda.txt,002,0.042044
441_mda.txt,005,0.016168
441_mda.txt,008,0.011353
441_mda.txt,003,0.00799
441_mda.txt,012,0.006876
441_mda.txt,010,0.006129
441_mda.txt,004,0.004802
82_mda.txt,000,0.324765
82_mda.txt,011,0.279624
82_mda.txt,009,0.185918
82_mda.txt,001,0.154137
82_mda.txt,006,0.020081
82_mda.txt,003,0.014855
82_mda.txt,013,0.010771
82_mda.txt,012,0.006073
82_mda.txt,010,0.003776
467_mda.txt,011,0.297078
467_mda.txt,009,0.269433
467_mda.txt,000,0.233938
467_mda.txt,001,0.12873
467_mda.txt,013,0.033139
467_mda.txt,012,0.024753
467_mda.txt,003,0.006919
467_mda.txt,010,0.00601
299_mda.txt,000,1.0
402_mda.txt,003,1.0
329_mda.txt,004,0.476983
329_mda.txt,001,0.341826
329_mda.txt,000,0.087348
329_mda.txt,009,0.050124
329_mda.txt,002,0.021988
329_mda.txt,003,0.02173
439_mda.txt,000,0.521564
439_mda.txt,013,0.116359
439_mda.txt,004,0.079293
439_mda.txt,003,0.075045
439_mda.txt,001,0.054148
439_mda.txt,009,0.046696
439_mda.txt,002,0.044206
439_mda.txt,010,0.038137
439_mda.txt,012,0.024552
275_mda.txt,001,0.741572
275_mda.txt,000,0.121856
275_mda.txt,004,0.064995
275_mda.txt,005,0.015419
275_mda.txt,006,0.013436
275_mda.txt,012,0.013395
275_mda.txt,002,0.012623
275_mda.txt,010,0.010269
275_mda.txt,003,0.006434
176_mda.txt,001,0.562985
176_mda.txt,000,0.260741
176_mda.txt,004,0.076445
176_mda.txt,002,0.041059
176_mda.txt,012,0.017278
176_mda.txt,010,0.012071
176_mda.txt,011,0.011156
176_mda.txt,003,0.009894
176_mda.txt,008,0.005813
176_mda.txt,017,0.002558
337_mda.txt,009,0.293855
337_mda.txt,000,0.228975
337_mda.txt,001,0.226893
337_mda.txt,011,0.139523
337_mda.txt,003,0.045553
337_mda.txt,012,0.0404
337_mda.txt,013,0.019114
337_mda.txt,007,0.005687
22_mda.txt,000,0.367751
22_mda.txt,009,0.26615
22_mda.txt,007,0.125809
22_mda.txt,011,0.09372
22_mda.txt,003,0.065453
22_mda.txt,012,0.033311
22_mda.txt,013,0.033071
22_mda.txt,010,0.014735
452_mda.txt,006,1.0
208_mda.txt,001,0.687125
208_mda.txt,000,0.100449
208_mda.txt,011,0.053337
208_mda.txt,009,0.04966
208_mda.txt,013,0.035195
208_mda.txt,007,0.02578
208_mda.txt,006,0.016331
208_mda.txt,010,0.015799
208_mda.txt,003,0.011958
208_mda.txt,008,0.004365
153_mda.txt,009,0.423655
153_mda.txt,001,0.353955
153_mda.txt,000,0.114749
153_mda.txt,011,0.068649
153_mda.txt,003,0.020612
153_mda.txt,004,0.011576
153_mda.txt,012,0.006804
503_mda.txt,001,0.459192
503_mda.txt,000,0.316035
503_mda.txt,009,0.076753
503_mda.txt,013,0.074484
503_mda.txt,006,0.024471
503_mda.txt,002,0.023534
503_mda.txt,011,0.018892
503_mda.txt,004,0.006639
199_mda.txt,000,0.898606
199_mda.txt,011,0.027325
199_mda.txt,003,0.022444
199_mda.txt,009,0.021085
199_mda.txt,012,0.011048
199_mda.txt,004,0.010298
199_mda.txt,010,0.009193
317_mda.txt,001,0.521328
317_mda.txt,000,0.289898
317_mda.txt,002,0.087855
317_mda.txt,006,0.060366
317_mda.txt,012,0.016218
317_mda.txt,005,0.01468
317_mda.txt,014,0.009655
512_mda.txt,003,0.679749
512_mda.txt,011,0.151083
512_mda.txt,000,0.089378
512_mda.txt,001,0.07979
220_mda.txt,000,0.23517
220_mda.txt,009,0.210511
220_mda.txt,007,0.189679
220_mda.txt,001,0.160422
220_mda.txt,011,0.061399
220_mda.txt,005,0.05045
220_mda.txt,004,0.046123
220_mda.txt,013,0.026085
220_mda.txt,010,0.011289
220_mda.txt,012,0.008872
393_mda.txt,004,0.693606
393_mda.txt,000,0.224536
393_mda.txt,011,0.045418
393_mda.txt,003,0.03644
484_mda.txt,000,0.857975
484_mda.txt,013,0.04747
484_mda.txt,003,0.044335
484_mda.txt,011,0.02091
484_mda.txt,005,0.020611
484_mda.txt,007,0.006844
484_mda.txt,004,0.001855
18_mda.txt,000,0.57111
18_mda.txt,001,0.160373
18_mda.txt,006,0.078226
18_mda.txt,003,0.075773
18_mda.txt,009,0.033848
18_mda.txt,008,0.021113
18_mda.txt,012,0.019254
18_mda.txt,007,0.015334
18_mda.txt,013,0.014299
18_mda.txt,010,0.010671
214_mda.txt,000,0.762288
214_mda.txt,001,0.107731
214_mda.txt,009,0.045133
214_mda.txt,006,0.023356
214_mda.txt,004,0.020455
214_mda.txt,014,0.016134
214_mda.txt,012,0.009425
214_mda.txt,003,0.008376
214_mda.txt,010,0.004066
214_mda.txt,007,0.002533
476_mda.txt,003,0.571886
476_mda.txt,012,0.428114
280_mda.txt,011,0.424796
280_mda.txt,000,0.137053
280_mda.txt,003,0.120587
280_mda.txt,012,0.116709
280_mda.txt,001,0.07929
280_mda.txt,009,0.076373
280_mda.txt,013,0.045192
33_mda.txt,000,0.88085
33_mda.txt,013,0.032585
33_mda.txt,011,0.029243
33_mda.txt,001,0.018964
33_mda.txt,003,0.014533
33_mda.txt,009,0.009849
33_mda.txt,010,0.007113
33_mda.txt,007,0.006863
533_mda.txt,005,1.0
505_mda.txt,000,0.81815
505_mda.txt,003,0.06012
505_mda.txt,013,0.057249
505_mda.txt,011,0.029171
505_mda.txt,009,0.022291
505_mda.txt,002,0.004972
505_mda.txt,004,0.004878
505_mda.txt,006,0.00317
358_mda.txt,001,0.862312
358_mda.txt,009,0.032137
358_mda.txt,012,0.028373
358_mda.txt,011,0.021881
358_mda.txt,000,0.018689
358_mda.txt,003,0.014687
358_mda.txt,006,0.013173
358_mda.txt,014,0.004436
358_mda.txt,010,0.004313
38_mda.txt,000,0.869592
38_mda.txt,013,0.030786
38_mda.txt,012,0.02357
38_mda.txt,009,0.020634
38_mda.txt,010,0.016682
38_mda.txt,011,0.01476
38_mda.txt,003,0.011958
38_mda.txt,007,0.007246
38_mda.txt,004,0.00477
221_mda.txt,002,0.77257
221_mda.txt,001,0.181272
221_mda.txt,003,0.032362
221_mda.txt,000,0.013797
87_mda.txt,001,0.515821
87_mda.txt,000,0.181107
87_mda.txt,013,0.100185
87_mda.txt,004,0.079797
87_mda.txt,011,0.061943
87_mda.txt,006,0.0313
87_mda.txt,012,0.013037
87_mda.txt,009,0.011535
87_mda.txt,007,0.005274
355_mda.txt,003,1.0
375_mda.txt,002,0.911502
375_mda.txt,000,0.088498
236_mda.txt,001,0.280455
236_mda.txt,000,0.241411
236_mda.txt,004,0.221626
236_mda.txt,007,0.129163
236_mda.txt,011,0.035266
236_mda.txt,013,0.026677
236_mda.txt,005,0.02033
236_mda.txt,009,0.020094
236_mda.txt,003,0.018235
236_mda.txt,010,0.006743
434_mda.txt,000,0.412485
434_mda.txt,007,0.198324
434_mda.txt,001,0.1791
434_mda.txt,009,0.06875
434_mda.txt,011,0.042535
434_mda.txt,005,0.039965
434_mda.txt,013,0.031693
434_mda.txt,003,0.015563
434_mda.txt,010,0.011583
492_mda.txt,002,0.525358
492_mda.txt,000,0.358632
492_mda.txt,005,0.086401
492_mda.txt,014,0.029609
313_mda.txt,011,0.611218
313_mda.txt,001,0.219167
313_mda.txt,009,0.063669
313_mda.txt,013,0.048417
313_mda.txt,000,0.030779
313_mda.txt,003,0.02675
400_mda.txt,009,0.504279
400_mda.txt,000,0.191743
400_mda.txt,001,0.141157
400_mda.txt,011,0.09428
400_mda.txt,003,0.024594
400_mda.txt,004,0.015497
400_mda.txt,013,0.011512
400_mda.txt,012,0.008599
400_mda.txt,010,0.008338
170_mda.txt,011,0.583963
170_mda.txt,000,0.2823
170_mda.txt,003,0.099089
170_mda.txt,013,0.034648
305_mda.txt,013,0.389862
305_mda.txt,000,0.19206
305_mda.txt,001,0.181924
305_mda.txt,003,0.069501
305_mda.txt,009,0.062913
305_mda.txt,011,0.062106
305_mda.txt,006,0.041633
379_mda.txt,001,0.614282
379_mda.txt,011,0.09527
379_mda.txt,013,0.095235
379_mda.txt,009,0.078265
379_mda.txt,010,0.064908
379_mda.txt,006,0.044542
379_mda.txt,012,0.007498
43_mda.txt,002,0.838225
43_mda.txt,000,0.080966
43_mda.txt,013,0.080809
391_mda.txt,009,0.400433
391_mda.txt,000,0.199485
391_mda.txt,001,0.168995
391_mda.txt,003,0.122213
391_mda.txt,011,0.04481
391_mda.txt,012,0.032242
391_mda.txt,005,0.031822
252_mda.txt,003,1.0
265_mda.txt,009,0.373547
265_mda.txt,001,0.231969
265_mda.txt,000,0.201798
265_mda.txt,011,0.12297
265_mda.txt,003,0.026215
265_mda.txt,013,0.019428
265_mda.txt,004,0.011064
265_mda.txt,010,0.006101
265_mda.txt,012,0.003523
265_mda.txt,007,0.003384
267_mda.txt,003,0.485022
267_mda.txt,005,0.211865
267_mda.txt,001,0.134995
267_mda.txt,000,0.099417
267_mda.txt,009,0.0687
111_mda.txt,013,0.360694
111_mda.txt,000,0.235377
111_mda.txt,011,0.138189
111_mda.txt,009,0.079023
111_mda.txt,001,0.071469
111_mda.txt,012,0.063481
111_mda.txt,003,0.033024
111_mda.txt,010,0.011252
111_mda.txt,007,0.007492
483_mda.txt,009,0.329773
483_mda.txt,000,0.25104
483_mda.txt,011,0.245086
483_mda.txt,001,0.115649
483_mda.txt,004,0.0137
483_mda.txt,012,0.010718
483_mda.txt,007,0.009371
483_mda.txt,003,0.009167
483_mda.txt,010,0.00816
483_mda.txt,013,0.007335
444_mda.txt,009,0.375323
444_mda.txt,001,0.267134
444_mda.txt,011,0.221066
444_mda.txt,000,0.068603
444_mda.txt,013,0.030475
444_mda.txt,003,0.017471
444_mda.txt,012,0.012772
444_mda.txt,010,0.007156
361_mda.txt,000,0.733639
361_mda.txt,001,0.154261
361_mda.txt,012,0.023401
361_mda.txt,003,0.020962
361_mda.txt,002,0.016965
361_mda.txt,013,0.013942
361_mda.txt,006,0.012326
361_mda.txt,009,0.011938
361_mda.txt,011,0.006529
361_mda.txt,010,0.006038
513_mda.txt,001,0.624732
513_mda.txt,000,0.274468
513_mda.txt,003,0.022453
513_mda.txt,010,0.022282
513_mda.txt,004,0.018879
513_mda.txt,011,0.01467
513_mda.txt,002,0.013185
513_mda.txt,008,0.006388
513_mda.txt,012,0.002942
539_mda.txt,003,1.0
192_mda.txt,011,0.333978
192_mda.txt,001,0.25681
192_mda.txt,000,0.154572
192_mda.txt,013,0.137812
192_mda.txt,009,0.051467
192_mda.txt,004,0.024287
192_mda.txt,012,0.019019
192_mda.txt,003,0.013382
192_mda.txt,010,0.008674
334_mda.txt,000,0.820083
334_mda.txt,009,0.03248
334_mda.txt,004,0.031804
334_mda.txt,003,0.024776
334_mda.txt,008,0.017597
334_mda.txt,001,0.01521
334_mda.txt,007,0.011663
334_mda.txt,011,0.010845
334_mda.txt,002,0.010753
334_mda.txt,012,0.00979
255_mda.txt,000,0.768213
255_mda.txt,004,0.07499
255_mda.txt,001,0.046027
255_mda.txt,003,0.033376
255_mda.txt,012,0.030284
255_mda.txt,009,0.021088
255_mda.txt,013,0.016642
255_mda.txt,002,0.009379
21_mda.txt,000,0.528587
21_mda.txt,009,0.352141
21_mda.txt,001,0.086648
21_mda.txt,002,0.019231
21_mda.txt,013,0.008316
21_mda.txt,010,0.005077
371_mda.txt,001,0.844712
371_mda.txt,009,0.022609
371_mda.txt,019,0.021947
371_mda.txt,011,0.021743
371_mda.txt,013,0.018383
371_mda.txt,000,0.016316
371_mda.txt,012,0.015992
371_mda.txt,010,0.013745
371_mda.txt,005,0.013303
371_mda.txt,006,0.008489
268_mda.txt,016,1.0
54_mda.txt,003,0.729948
54_mda.txt,001,0.177529
54_mda.txt,000,0.047249
54_mda.txt,009,0.045274
83_mda.txt,011,0.367989
83_mda.txt,000,0.364216
83_mda.txt,013,0.096198
83_mda.txt,009,0.089477
83_mda.txt,003,0.047039
83_mda.txt,012,0.030023
83_mda.txt,010,0.005058
514_mda.txt,000,0.50539
514_mda.txt,001,0.191153
514_mda.txt,002,0.08236
514_mda.txt,006,0.065203
514_mda.txt,003,0.064623
514_mda.txt,005,0.042271
514_mda.txt,015,0.035138
514_mda.txt,012,0.013862
26_mda.txt,002,0.471155
26_mda.txt,000,0.405017
26_mda.txt,005,0.083884
26_mda.txt,006,0.039943
548_mda.txt,000,0.900605
548_mda.txt,003,0.031141
548_mda.txt,001,0.019727
548_mda.txt,013,0.019395
548_mda.txt,010,0.015829
548_mda.txt,014,0.013303
372_mda.txt,005,1.0
210_mda.txt,000,0.404637
210_mda.txt,001,0.234076
210_mda.txt,003,0.078076
210_mda.txt,007,0.077296
210_mda.txt,009,0.07025
210_mda.txt,012,0.058498
210_mda.txt,004,0.049941
210_mda.txt,013,0.027226
188_mda.txt,001,0.911598
188_mda.txt,009,0.01786
188_mda.txt,000,0.016705
188_mda.txt,006,0.015969
188_mda.txt,012,0.015511
188_mda.txt,003,0.010532
188_mda.txt,004,0.006072
188_mda.txt,010,0.005754
429_mda.txt,002,0.439162
429_mda.txt,000,0.332164
429_mda.txt,013,0.109894
429_mda.txt,006,0.10215
429_mda.txt,014,0.01663
459_mda.txt,000,0.275619
459_mda.txt,001,0.253492
459_mda.txt,007,0.178716
459_mda.txt,005,0.079928
459_mda.txt,009,0.056768
459_mda.txt,003,0.05618
459_mda.txt,013,0.03755
459_mda.txt,004,0.033463
459_mda.txt,006,0.016313
459_mda.txt,010,0.008168
266_mda.txt,001,0.516867
266_mda.txt,003,0.25206
266_mda.txt,009,0.106439
266_mda.txt,000,0.090903
266_mda.txt,005,0.033731
373_mda.txt,000,0.811962
373_mda.txt,002,0.052236
373_mda.txt,001,0.048575
373_mda.txt,003,0.023504
373_mda.txt,011,0.019218
373_mda.txt,004,0.017213
373_mda.txt,012,0.011547
373_mda.txt,006,0.009963
373_mda.txt,013,0.005782
466_mda.txt,006,0.661586
466_mda.txt,000,0.20886
466_mda.txt,003,0.072987
466_mda.txt,007,0.056567
166_mda.txt,000,0.671526
166_mda.txt,006,0.113593
166_mda.txt,001,0.059328
166_mda.txt,013,0.042537
166_mda.txt,009,0.037145
166_mda.txt,003,0.031839
166_mda.txt,011,0.016288
166_mda.txt,010,0.011626
166_mda.txt,012,0.008637
166_mda.txt,004,0.00748
472_mda.txt,012,0.505949
472_mda.txt,003,0.494051
446_mda.txt,000,0.32781
446_mda.txt,003,0.168655
446_mda.txt,013,0.133328
446_mda.txt,012,0.129912
446_mda.txt,001,0.088113
446_mda.txt,004,0.072604
446_mda.txt,005,0.053555
446_mda.txt,009,0.026025
481_mda.txt,000,0.831329
481_mda.txt,013,0.060629
481_mda.txt,006,0.030853
481_mda.txt,012,0.023431
481_mda.txt,003,0.021441
481_mda.txt,011,0.018473
481_mda.txt,009,0.013844
324_mda.txt,000,0.617829
324_mda.txt,001,0.175953
324_mda.txt,013,0.106791
324_mda.txt,009,0.03417
324_mda.txt,011,0.02372
324_mda.txt,003,0.015442
324_mda.txt,012,0.01167
324_mda.txt,007,0.010475
324_mda.txt,010,0.003951
362_mda.txt,005,1.0
139_mda.txt,000,0.841524
139_mda.txt,009,0.054317
139_mda.txt,002,0.02178
139_mda.txt,006,0.020707
139_mda.txt,003,0.017798
139_mda.txt,004,0.014322
139_mda.txt,013,0.014008
139_mda.txt,012,0.005733
139_mda.txt,010,0.005123
139_mda.txt,001,0.004688
328_mda.txt,002,0.656877
328_mda.txt,000,0.118127
328_mda.txt,013,0.107842
328_mda.txt,014,0.071836
328_mda.txt,003,0.045317
235_mda.txt,003,0.395081
235_mda.txt,001,0.296701
235_mda.txt,000,0.216557
235_mda.txt,012,0.049577
235_mda.txt,009,0.042083
497_mda.txt,005,1.0
348_mda.txt,003,1.0
116_mda.txt,000,0.286931
116_mda.txt,007,0.249989
116_mda.txt,001,0.164738
116_mda.txt,011,0.115082
116_mda.txt,013,0.06566
116_mda.txt,009,0.044185
116_mda.txt,003,0.033135
116_mda.txt,010,0.020634
116_mda.txt,005,0.014018
116_mda.txt,012,0.005628
347_mda.txt,001,0.834752
347_mda.txt,006,0.043768
347_mda.txt,012,0.040214
347_mda.txt,009,0.034787
347_mda.txt,013,0.018791
347_mda.txt,003,0.014428
347_mda.txt,011,0.012218
347_mda.txt,000,0.001042
392_mda.txt,005,1.0
315_mda.txt,000,0.913706
315_mda.txt,011,0.02199
315_mda.txt,013,0.016946
315_mda.txt,003,0.016712
315_mda.txt,001,0.015451
315_mda.txt,004,0.015196
410_mda.txt,003,1.0
134_mda.txt,005,1.0
345_mda.txt,000,0.886661
345_mda.txt,003,0.037703
345_mda.txt,013,0.023798
345_mda.txt,005,0.01797
345_mda.txt,009,0.017967
345_mda.txt,011,0.015901
396_mda.txt,001,0.336995
396_mda.txt,000,0.267547
396_mda.txt,011,0.123879
396_mda.txt,009,0.096639
396_mda.txt,012,0.049161
396_mda.txt,003,0.047856
396_mda.txt,013,0.040672
396_mda.txt,010,0.020769
396_mda.txt,005,0.016482
477_mda.txt,000,0.785502
477_mda.txt,006,0.067994
477_mda.txt,013,0.040784
477_mda.txt,007,0.028893
477_mda.txt,010,0.017957
477_mda.txt,014,0.017422
477_mda.txt,003,0.016582
477_mda.txt,011,0.015689
477_mda.txt,008,0.009176
397_mda.txt,000,0.536149
397_mda.txt,001,0.221529
397_mda.txt,004,0.05048
397_mda.txt,006,0.047797
397_mda.txt,009,0.038935
397_mda.txt,002,0.035887
397_mda.txt,010,0.019415
397_mda.txt,003,0.015627
397_mda.txt,012,0.010341
397_mda.txt,008,0.008866
380_mda.txt,000,0.787867
380_mda.txt,004,0.075181
380_mda.txt,001,0.039352
380_mda.txt,011,0.024307
380_mda.txt,009,0.023027
380_mda.txt,003,0.022426
380_mda.txt,012,0.014385
380_mda.txt,007,0.013455
53_mda.txt,001,0.881173
53_mda.txt,000,0.037751
53_mda.txt,010,0.018812
53_mda.txt,008,0.014962
53_mda.txt,006,0.014594
53_mda.txt,003,0.010873
53_mda.txt,007,0.010408
53_mda.txt,012,0.00632
53_mda.txt,002,0.005106
197_mda.txt,002,0.439023
197_mda.txt,001,0.402525
197_mda.txt,013,0.066078
197_mda.txt,004,0.047819
197_mda.txt,006,0.044554
164_mda.txt,014,1.0
248_mda.txt,009,0.272913
248_mda.txt,000,0.243174
248_mda.txt,001,0.201016
248_mda.txt,013,0.140034
248_mda.txt,003,0.071094
248_mda.txt,011,0.057866
248_mda.txt,012,0.007004
248_mda.txt,007,0.006899
500_mda.txt,000,1.0
124_mda.txt,003,1.0
445_mda.txt,009,0.317337
445_mda.txt,001,0.197117
445_mda.txt,000,0.178864
445_mda.txt,013,0.147869
445_mda.txt,011,0.132824
445_mda.txt,003,0.014334
445_mda.txt,010,0.010307
445_mda.txt,012,0.001347
377_mda.txt,001,0.708176
377_mda.txt,000,0.189703
377_mda.txt,002,0.030743
377_mda.txt,012,0.017748
377_mda.txt,004,0.017213
377_mda.txt,010,0.01624
377_mda.txt,005,0.015217
377_mda.txt,006,0.00496
364_mda.txt,001,0.410256
364_mda.txt,000,0.213305
364_mda.txt,007,0.109298
364_mda.txt,005,0.08569
364_mda.txt,004,0.041096
364_mda.txt,009,0.041056
364_mda.txt,006,0.037128
364_mda.txt,013,0.02343
364_mda.txt,003,0.016611
364_mda.txt,010,0.014826
428_mda.txt,002,0.887233
428_mda.txt,001,0.07566
428_mda.txt,009,0.020402
428_mda.txt,005,0.016704
332_mda.txt,000,0.427759
332_mda.txt,012,0.218573
332_mda.txt,003,0.195546
332_mda.txt,001,0.091589
332_mda.txt,013,0.066533
256_mda.txt,003,0.878712
256_mda.txt,016,0.121288
16_mda.txt,002,1.0
202_mda.txt,003,1.0
222_mda.txt,006,1.0
75_mda.txt,000,0.596903
75_mda.txt,001,0.235589
75_mda.txt,002,0.050092
75_mda.txt,006,0.030764
75_mda.txt,009,0.021456
75_mda.txt,013,0.016091
75_mda.txt,010,0.015918
75_mda.txt,012,0.012373
75_mda.txt,011,0.011047
75_mda.txt,008,0.006335
177_mda.txt,000,0.651348
177_mda.txt,001,0.189608
177_mda.txt,003,0.031728
177_mda.txt,013,0.030076
177_mda.txt,014,0.028732
177_mda.txt,009,0.017629
177_mda.txt,012,0.013741
177_mda.txt,011,0.0115
177_mda.txt,008,0.009255
177_mda.txt,010,0.009017
357_mda.txt,002,0.86326
357_mda.txt,013,0.077835
357_mda.txt,005,0.058904
460_mda.txt,005,1.0
132_mda.txt,000,0.821387
132_mda.txt,013,0.059491
132_mda.txt,011,0.026463
132_mda.txt,006,0.020616
132_mda.txt,001,0.016322
132_mda.txt,003,0.01548
132_mda.txt,012,0.012964
132_mda.txt,008,0.010734
132_mda.txt,009,0.008675
132_mda.txt,010,0.007868
426_mda.txt,009,0.479449
426_mda.txt,000,0.189623
426_mda.txt,011,0.185039
426_mda.txt,001,0.092991
426_mda.txt,003,0.019592
426_mda.txt,007,0.014528
426_mda.txt,013,0.009046
426_mda.txt,012,0.006596
426_mda.txt,010,0.003136
150_mda.txt,000,0.788064
150_mda.txt,003,0.112399
150_mda.txt,001,0.064744
150_mda.txt,014,0.022323
150_mda.txt,012,0.012469
85_mda.txt,000,0.400792
85_mda.txt,002,0.295259
85_mda.txt,007,0.22588
85_mda.txt,005,0.078069
253_mda.txt,004,0.593662
253_mda.txt,001,0.406338
6_mda.txt,001,0.75217
6_mda.txt,000,0.076219
6_mda.txt,009,0.071008
6_mda.txt,013,0.042045
6_mda.txt,003,0.020148
6_mda.txt,011,0.019241
6_mda.txt,012,0.010929
6_mda.txt,007,0.005825
6_mda.txt,004,0.002415
470_mda.txt,000,0.778059
470_mda.txt,006,0.063977
470_mda.txt,002,0.045506
470_mda.txt,001,0.028062
470_mda.txt,013,0.025191
470_mda.txt,012,0.020306
470_mda.txt,011,0.017577
470_mda.txt,007,0.011371
470_mda.txt,003,0.009951
421_mda.txt,003,0.451221
421_mda.txt,001,0.305801
421_mda.txt,009,0.097653
421_mda.txt,007,0.081741
421_mda.txt,000,0.041415
421_mda.txt,016,0.02217
175_mda.txt,001,0.848365
175_mda.txt,009,0.037497
175_mda.txt,013,0.031952
175_mda.txt,006,0.024866
175_mda.txt,012,0.017924
175_mda.txt,011,0.017288
175_mda.txt,010,0.011749
175_mda.txt,003,0.01036
156_mda.txt,011,0.407726
156_mda.txt,000,0.334457
156_mda.txt,009,0.114689
156_mda.txt,003,0.066895
156_mda.txt,013,0.057121
156_mda.txt,001,0.019113
247_mda.txt,000,0.768565
247_mda.txt,003,0.054328
247_mda.txt,004,0.050781
247_mda.txt,011,0.034587
247_mda.txt,009,0.021419
247_mda.txt,006,0.016532
247_mda.txt,001,0.016376
247_mda.txt,012,0.012987
247_mda.txt,002,0.009553
247_mda.txt,010,0.009027
431_mda.txt,000,0.787938
431_mda.txt,013,0.07216
431_mda.txt,003,0.034751
431_mda.txt,009,0.027396
431_mda.txt,002,0.02698
431_mda.txt,011,0.023001
431_mda.txt,010,0.018591
431_mda.txt,007,0.009182
469_mda.txt,000,0.799234
469_mda.txt,001,0.040316
469_mda.txt,011,0.039986
469_mda.txt,003,0.03519
469_mda.txt,004,0.029509
469_mda.txt,009,0.028438
469_mda.txt,012,0.013446
469_mda.txt,008,0.009369
469_mda.txt,010,0.004512
141_mda.txt,000,0.852314
141_mda.txt,005,0.073775
141_mda.txt,002,0.037983
141_mda.txt,012,0.021607
141_mda.txt,003,0.014322
39_mda.txt,001,0.587789
39_mda.txt,000,0.317963
39_mda.txt,002,0.030484
39_mda.txt,006,0.024359
39_mda.txt,005,0.012201
39_mda.txt,010,0.012149
39_mda.txt,009,0.007103
39_mda.txt,012,0.004508
39_mda.txt,013,0.003445
72_mda.txt,000,0.776611
72_mda.txt,001,0.051092
72_mda.txt,002,0.042834
72_mda.txt,013,0.039503
72_mda.txt,003,0.02716
72_mda.txt,004,0.024954
72_mda.txt,011,0.015943
72_mda.txt,010,0.010611
72_mda.txt,009,0.007369
72_mda.txt,006,0.003923
41_mda.txt,000,0.261398
41_mda.txt,003,0.245617
41_mda.txt,012,0.208041
41_mda.txt,001,0.131187
41_mda.txt,013,0.069228
41_mda.txt,009,0.055952
41_mda.txt,016,0.028579
216_mda.txt,001,0.617326
216_mda.txt,000,0.216814
216_mda.txt,002,0.061673
216_mda.txt,004,0.033256
216_mda.txt,012,0.029742
216_mda.txt,003,0.028946
216_mda.txt,013,0.012244
62_mda.txt,013,0.387565
62_mda.txt,000,0.246059
62_mda.txt,011,0.233147
62_mda.txt,003,0.039708
62_mda.txt,001,0.033999
62_mda.txt,009,0.031941
62_mda.txt,012,0.027579
531_mda.txt,000,0.634999
531_mda.txt,003,0.180163
531_mda.txt,002,0.065657
531_mda.txt,009,0.055237
531_mda.txt,001,0.037937
531_mda.txt,015,0.026007
478_mda.txt,000,0.859668
478_mda.txt,013,0.059739
478_mda.txt,003,0.019801
478_mda.txt,006,0.019793
478_mda.txt,001,0.014467
478_mda.txt,010,0.014108
478_mda.txt,011,0.012425
49_mda.txt,000,0.848692
49_mda.txt,013,0.049872
49_mda.txt,003,0.03582
49_mda.txt,011,0.027037
49_mda.txt,010,0.017083
49_mda.txt,014,0.015232
49_mda.txt,004,0.006264
167_mda.txt,000,0.803034
167_mda.txt,013,0.079753
167_mda.txt,009,0.024333
167_mda.txt,003,0.019397
167_mda.txt,006,0.018259
167_mda.txt,001,0.012388
167_mda.txt,007,0.010899
167_mda.txt,011,0.010009
167_mda.txt,012,0.00958
167_mda.txt,010,0.007151
557_mda.txt,009,0.267178
557_mda.txt,011,0.250226
557_mda.txt,000,0.231673
557_mda.txt,001,0.183448
557_mda.txt,003,0.027505
557_mda.txt,013,0.017929
557_mda.txt,012,0.013432
557_mda.txt,010,0.008609
107_mda.txt,013,0.570289
107_mda.txt,000,0.172959
107_mda.txt,011,0.143601
107_mda.txt,009,0.050177
107_mda.txt,001,0.033007
107_mda.txt,003,0.029967
490_mda.txt,002,0.839428
490_mda.txt,000,0.088802
490_mda.txt,012,0.07177
52_mda.txt,000,0.78714
52_mda.txt,013,0.075872
52_mda.txt,011,0.026967
52_mda.txt,003,0.026889
52_mda.txt,009,0.019589
52_mda.txt,010,0.017616
52_mda.txt,007,0.016129
52_mda.txt,012,0.012873
52_mda.txt,006,0.011122
52_mda.txt,008,0.005803
507_mda.txt,000,0.844866
507_mda.txt,013,0.033332
507_mda.txt,003,0.032034
507_mda.txt,001,0.030201
507_mda.txt,009,0.026118
507_mda.txt,006,0.024457
507_mda.txt,012,0.008993
212_mda.txt,016,1.0
163_mda.txt,000,0.282828
163_mda.txt,009,0.24636
163_mda.txt,013,0.174296
163_mda.txt,011,0.130234
163_mda.txt,001,0.08133
163_mda.txt,003,0.025968
163_mda.txt,010,0.020959
163_mda.txt,012,0.01918
163_mda.txt,007,0.01014
163_mda.txt,008,0.008704
228_mda.txt,001,0.527074
228_mda.txt,002,0.472926
4_mda.txt,006,0.55404
4_mda.txt,000,0.181324
4_mda.txt,001,0.095653
4_mda.txt,003,0.094631
4_mda.txt,013,0.074351
149_mda.txt,011,0.363682
149_mda.txt,000,0.232326
149_mda.txt,001,0.190955
149_mda.txt,009,0.122478
149_mda.txt,007,0.034791
149_mda.txt,012,0.017563
149_mda.txt,013,0.015431
149_mda.txt,003,0.015264
149_mda.txt,010,0.007509
27_mda.txt,000,0.848522
27_mda.txt,011,0.034267
27_mda.txt,013,0.03314
27_mda.txt,006,0.027901
27_mda.txt,001,0.027546
27_mda.txt,003,0.017707
27_mda.txt,010,0.00888
27_mda.txt,004,0.002036
474_mda.txt,002,0.829389
474_mda.txt,000,0.114283
474_mda.txt,003,0.056328
143_mda.txt,000,0.281191
143_mda.txt,001,0.240827
143_mda.txt,007,0.187506
143_mda.txt,013,0.112113
143_mda.txt,011,0.065781
143_mda.txt,009,0.041299
143_mda.txt,012,0.020365
143_mda.txt,004,0.018793
143_mda.txt,005,0.017759
143_mda.txt,010,0.014367
128_mda.txt,000,0.759992
128_mda.txt,001,0.058716
128_mda.txt,003,0.049794
128_mda.txt,013,0.028751
128_mda.txt,011,0.025289
128_mda.txt,010,0.019988
128_mda.txt,009,0.016957
128_mda.txt,004,0.01567
128_mda.txt,012,0.011839
128_mda.txt,007,0.007782
349_mda.txt,000,0.406685
349_mda.txt,011,0.263277
349_mda.txt,013,0.184728
349_mda.txt,009,0.044021
349_mda.txt,012,0.027133
349_mda.txt,003,0.026505
349_mda.txt,004,0.021944
349_mda.txt,001,0.014921
349_mda.txt,010,0.010787
323_mda.txt,001,0.662463
323_mda.txt,000,0.214211
323_mda.txt,004,0.027728
323_mda.txt,010,0.022177
323_mda.txt,002,0.021655
323_mda.txt,003,0.017952
323_mda.txt,011,0.012804
323_mda.txt,006,0.012415
323_mda.txt,012,0.008595
529_mda.txt,002,0.87983
529_mda.txt,000,0.100689
529_mda.txt,009,0.019481
98_mda.txt,003,0.386685
98_mda.txt,007,0.355968
98_mda.txt,001,0.117344
98_mda.txt,000,0.072079
98_mda.txt,004,0.037889
98_mda.txt,013,0.030034
262_mda.txt,000,0.437544
262_mda.txt,001,0.333
262_mda.txt,004,0.109949
262_mda.txt,013,0.024756
262_mda.txt,003,0.016297
262_mda.txt,006,0.014438
262_mda.txt,009,0.014304
262_mda.txt,005,0.012722
262_mda.txt,012,0.011645
262_mda.txt,014,0.009756
338_mda.txt,000,0.87515
338_mda.txt,004,0.032403
338_mda.txt,003,0.029172
338_mda.txt,001,0.023918
338_mda.txt,011,0.022851
338_mda.txt,013,0.016506
498_mda.txt,000,0.785894
498_mda.txt,003,0.048183
498_mda.txt,013,0.035028
498_mda.txt,006,0.027743
498_mda.txt,009,0.025774
498_mda.txt,002,0.023633
498_mda.txt,011,0.022954
498_mda.txt,001,0.019558
498_mda.txt,004,0.011233
321_mda.txt,000,0.429424
321_mda.txt,001,0.176438
321_mda.txt,007,0.098384
321_mda.txt,013,0.073269
321_mda.txt,005,0.063772
321_mda.txt,009,0.057172
321_mda.txt,004,0.038871
321_mda.txt,011,0.030713
321_mda.txt,010,0.018068
321_mda.txt,003,0.01389
520_mda.txt,002,0.825691
520_mda.txt,000,0.174309
60_mda.txt,009,0.450692
60_mda.txt,000,0.237659
60_mda.txt,001,0.123738
60_mda.txt,004,0.060527
60_mda.txt,011,0.052511
60_mda.txt,005,0.03161
60_mda.txt,003,0.026438
60_mda.txt,012,0.016826
79_mda.txt,005,1.0
425_mda.txt,005,1.0
69_mda.txt,003,1.0
159_mda.txt,004,0.596808
159_mda.txt,000,0.188501
159_mda.txt,001,0.087807
159_mda.txt,012,0.070291
159_mda.txt,003,0.056593
25_mda.txt,004,0.974691
25_mda.txt,001,0.025309
63_mda.txt,002,0.867774
63_mda.txt,013,0.084941
63_mda.txt,000,0.047285
407_mda.txt,001,0.812344
407_mda.txt,011,0.050779
407_mda.txt,006,0.03434
407_mda.txt,009,0.032811
407_mda.txt,012,0.027908
407_mda.txt,000,0.022321
407_mda.txt,010,0.016465
407_mda.txt,007,0.003032
231_mda.txt,013,0.401326
231_mda.txt,011,0.236963
231_mda.txt,000,0.148938
231_mda.txt,001,0.087997
231_mda.txt,009,0.062199
231_mda.txt,003,0.037469
231_mda.txt,012,0.025109
341_mda.txt,003,1.0
291_mda.txt,001,0.448908
291_mda.txt,004,0.191596
291_mda.txt,000,0.161657
291_mda.txt,002,0.084113
291_mda.txt,006,0.053813
291_mda.txt,012,0.021343
291_mda.txt,003,0.009244
291_mda.txt,007,0.008492
291_mda.txt,010,0.008367
291_mda.txt,009,0.007324
344_mda.txt,003,0.75019
344_mda.txt,005,0.24981
549_mda.txt,002,0.850033
549_mda.txt,013,0.070134
549_mda.txt,005,0.048871
549_mda.txt,000,0.030961
418_mda.txt,000,0.79186
418_mda.txt,003,0.074234
418_mda.txt,009,0.0637
418_mda.txt,002,0.041667
418_mda.txt,015,0.028539
360_mda.txt,002,0.557562
360_mda.txt,000,0.416015
360_mda.txt,006,0.016286
360_mda.txt,001,0.010137
15_mda.txt,000,0.761259
15_mda.txt,013,0.082843
15_mda.txt,003,0.054834
15_mda.txt,006,0.04094
15_mda.txt,009,0.019117
15_mda.txt,012,0.016371
15_mda.txt,014,0.007711
15_mda.txt,010,0.006766
15_mda.txt,008,0.006181
15_mda.txt,004,0.003977
493_mda.txt,004,0.5711
493_mda.txt,001,0.368948
493_mda.txt,003,0.034468
493_mda.txt,010,0.025485
157_mda.txt,003,0.410924
157_mda.txt,013,0.185367
157_mda.txt,007,0.173505
157_mda.txt,001,0.116883
157_mda.txt,000,0.088342
157_mda.txt,019,0.02498
316_mda.txt,001,0.551287
316_mda.txt,012,0.105392
316_mda.txt,000,0.090856
316_mda.txt,011,0.064307
316_mda.txt,006,0.061705
316_mda.txt,007,0.039139
316_mda.txt,003,0.034973
316_mda.txt,013,0.034498
316_mda.txt,010,0.017841
36_mda.txt,000,0.358108
36_mda.txt,009,0.300202
36_mda.txt,011,0.17215
36_mda.txt,004,0.053516
36_mda.txt,012,0.036388
36_mda.txt,003,0.0247
36_mda.txt,001,0.024086
36_mda.txt,006,0.01406
36_mda.txt,013,0.010788
36_mda.txt,010,0.006002
73_mda.txt,003,1.0
74_mda.txt,000,0.338096
74_mda.txt,001,0.300579
74_mda.txt,005,0.100216
74_mda.txt,013,0.0981
74_mda.txt,004,0.087646
74_mda.txt,006,0.038905
74_mda.txt,002,0.036458
